path,category,eco_label,fold,split,soft_bird,soft_human,soft_motor,soft_nature
data/ESC-50/audio_16k/1-100038-A-14.wav,chirping_birds,bird,1,train,0.86525565,0.047451627,0.06341881,0.023873834
data/ESC-50/audio_16k/1-101296-A-19.wav,thunderstorm,nature,1,train,0.03687397,0.036037475,0.20255151,0.724537
data/ESC-50/audio_16k/1-101296-B-19.wav,thunderstorm,nature,1,train,0.035061833,0.049727585,0.1362972,0.7789134
data/ESC-50/audio_16k/1-103298-A-9.wav,crow,bird,1,train,0.88740855,0.025009982,0.025582444,0.06199907
data/ESC-50/audio_16k/1-104089-A-22.wav,clapping,human,1,train,3.800661e-05,0.99958605,0.00018037425,0.00019556945
data/ESC-50/audio_16k/1-104089-B-22.wav,clapping,human,1,train,0.000119919234,0.9994972,6.520322e-05,0.00031765585
data/ESC-50/audio_16k/1-105224-A-22.wav,clapping,human,1,train,0.00024169762,0.98782915,0.010591864,0.0013372889
data/ESC-50/audio_16k/1-110537-A-22.wav,clapping,human,1,train,6.154446e-05,0.11719217,0.15753788,0.7252084
data/ESC-50/audio_16k/1-115521-A-19.wav,thunderstorm,nature,1,train,0.003909638,0.012369668,0.016634034,0.9670867
data/ESC-50/audio_16k/1-115920-A-22.wav,clapping,human,1,train,7.5490694e-05,0.99986094,1.5982441e-05,4.7464036e-05
data/ESC-50/audio_16k/1-115920-B-22.wav,clapping,human,1,train,9.0850306e-05,0.99829227,0.00020587242,0.001410965
data/ESC-50/audio_16k/1-115921-A-22.wav,clapping,human,1,train,9.6860495e-05,0.9973215,0.0009411038,0.0016405379
data/ESC-50/audio_16k/1-116765-A-41.wav,chainsaw,motor,1,train,7.773822e-05,0.02032434,0.8068174,0.1727805
data/ESC-50/audio_16k/1-119125-A-45.wav,train,motor,1,train,0.0005097458,0.0030838589,0.97179157,0.02461483
data/ESC-50/audio_16k/1-137296-A-16.wav,wind,nature,1,train,0.00044643227,0.0076659364,0.15091357,0.84097403
data/ESC-50/audio_16k/1-172649-A-40.wav,helicopter,motor,1,train,0.0005779784,0.04010141,0.9529155,0.006405157
data/ESC-50/audio_16k/1-172649-B-40.wav,helicopter,motor,1,train,0.0020778533,0.043744784,0.9504419,0.003735499
data/ESC-50/audio_16k/1-172649-C-40.wav,helicopter,motor,1,train,5.7460227e-05,0.03165798,0.96243846,0.0058461134
data/ESC-50/audio_16k/1-172649-D-40.wav,helicopter,motor,1,train,4.4961143e-05,0.009069984,0.9890623,0.0018227196
data/ESC-50/audio_16k/1-172649-E-40.wav,helicopter,motor,1,train,5.985667e-05,0.0011904937,0.9963808,0.0023687917
data/ESC-50/audio_16k/1-172649-F-40.wav,helicopter,motor,1,train,1.2986268e-05,0.00073346496,0.9989291,0.00032449342
data/ESC-50/audio_16k/1-17367-A-10.wav,rain,nature,1,train,0.0023683722,0.012766555,0.05596386,0.9289012
data/ESC-50/audio_16k/1-17585-A-7.wav,insects,nature,1,train,0.21212232,0.0055559003,0.032153208,0.7501686
data/ESC-50/audio_16k/1-1791-A-26.wav,laughing,human,1,train,0.0020464417,0.98979646,0.007430021,0.0007271178
data/ESC-50/audio_16k/1-18074-A-6.wav,hen,bird,1,train,0.99617046,0.0037036375,9.139419e-05,3.4520235e-05
data/ESC-50/audio_16k/1-18074-B-6.wav,hen,bird,1,train,0.9998867,9.866069e-05,1.3983938e-05,7.0948994e-07
data/ESC-50/audio_16k/1-181071-A-40.wav,helicopter,motor,1,train,0.0011918778,0.008236949,0.98046964,0.010101612
data/ESC-50/audio_16k/1-181071-B-40.wav,helicopter,motor,1,train,6.089613e-05,0.0011120392,0.9975202,0.0013068212
data/ESC-50/audio_16k/1-18527-A-44.wav,engine,motor,1,train,9.422185e-05,0.0005462703,0.99556464,0.003794888
data/ESC-50/audio_16k/1-18527-B-44.wav,engine,motor,1,train,0.000119414515,0.003704881,0.99373025,0.0024454275
data/ESC-50/audio_16k/1-18631-A-23.wav,breathing,human,1,train,0.011367442,0.9726753,0.012234578,0.0037226775
data/ESC-50/audio_16k/1-187207-A-20.wav,crying_baby,human,1,train,0.2490288,0.75042605,0.00022984753,0.00031527568
data/ESC-50/audio_16k/1-19111-A-24.wav,coughing,human,1,train,0.0007975566,0.99919814,2.860425e-06,1.4234937e-06
data/ESC-50/audio_16k/1-19118-A-24.wav,coughing,human,1,train,0.002129554,0.9958688,0.0011686702,0.0008330331
data/ESC-50/audio_16k/1-19501-A-7.wav,insects,nature,1,train,0.28112948,0.010060304,0.009701103,0.6991091
data/ESC-50/audio_16k/1-19898-A-41.wav,chainsaw,motor,1,train,4.2150295e-05,0.0040301806,0.99181724,0.0041103973
data/ESC-50/audio_16k/1-19898-B-41.wav,chainsaw,motor,1,train,2.8303355e-05,0.004739687,0.9950826,0.00014938915
data/ESC-50/audio_16k/1-19898-C-41.wav,chainsaw,motor,1,train,4.44051e-05,0.008467627,0.99073863,0.0007492908
data/ESC-50/audio_16k/1-211527-A-20.wav,crying_baby,human,1,train,0.0043240474,0.9946709,0.0005648968,0.0004401074
data/ESC-50/audio_16k/1-211527-B-20.wav,crying_baby,human,1,train,0.00033906178,0.9996366,4.71737e-06,1.9682137e-05
data/ESC-50/audio_16k/1-211527-C-20.wav,crying_baby,human,1,train,0.0040604337,0.99566185,0.00023957223,3.811864e-05
data/ESC-50/audio_16k/1-21189-A-10.wav,rain,nature,1,train,0.0008184771,0.007492264,0.04897749,0.9427118
data/ESC-50/audio_16k/1-22694-A-20.wav,crying_baby,human,1,train,0.00026239787,0.9997,2.6897926e-06,3.4896555e-05
data/ESC-50/audio_16k/1-22694-B-20.wav,crying_baby,human,1,train,0.002476488,0.9931687,0.001630407,0.0027243246
data/ESC-50/audio_16k/1-22882-A-44.wav,engine,motor,1,train,0.00018231299,0.015095406,0.9788052,0.0059170495
data/ESC-50/audio_16k/1-23222-A-19.wav,thunderstorm,nature,1,train,0.018231116,0.029495586,0.10601078,0.8462625
data/ESC-50/audio_16k/1-23222-B-19.wav,thunderstorm,nature,1,train,0.0028565074,0.018337417,0.45051366,0.52829236
data/ESC-50/audio_16k/1-24524-A-19.wav,thunderstorm,nature,1,train,0.0032769784,0.009614342,0.032616086,0.9544926
data/ESC-50/audio_16k/1-24524-B-19.wav,thunderstorm,nature,1,train,0.026447825,0.025331458,0.07038677,0.8778339
data/ESC-50/audio_16k/1-24524-C-19.wav,thunderstorm,nature,1,train,0.119620875,0.06377689,0.27320614,0.5433961
data/ESC-50/audio_16k/1-26143-A-21.wav,sneezing,human,1,train,0.0012690264,0.9969339,0.00059869164,0.0011984167
data/ESC-50/audio_16k/1-26222-A-10.wav,rain,nature,1,train,0.00054836256,0.004092253,0.14550383,0.84985554
data/ESC-50/audio_16k/1-26806-A-1.wav,rooster,bird,1,train,0.95108366,0.043917954,0.004920348,7.800581e-05
data/ESC-50/audio_16k/1-27724-A-1.wav,rooster,bird,1,train,0.55745965,0.043588705,0.3492435,0.049708076
data/ESC-50/audio_16k/1-28135-A-11.wav,sea_waves,nature,1,train,0.00023176824,0.0032769884,0.06846021,0.928031
data/ESC-50/audio_16k/1-28135-B-11.wav,sea_waves,nature,1,train,0.00013122999,0.0022585955,0.13522844,0.86238176
data/ESC-50/audio_16k/1-29532-A-16.wav,wind,nature,1,train,0.0029316742,0.0028515605,0.98738956,0.0068272497
data/ESC-50/audio_16k/1-29561-A-10.wav,rain,nature,1,train,0.00018279151,0.002658956,0.92526716,0.07189107
data/ESC-50/audio_16k/1-29680-A-21.wav,sneezing,human,1,train,0.000332262,0.99954474,9.605395e-06,0.00011342864
data/ESC-50/audio_16k/1-30039-A-26.wav,laughing,human,1,train,0.00010205058,0.99973196,0.00012270937,4.3222142e-05
data/ESC-50/audio_16k/1-30043-A-26.wav,laughing,human,1,train,6.7095316e-05,0.9989675,0.0009064617,5.894377e-05
data/ESC-50/audio_16k/1-30709-A-23.wav,breathing,human,1,train,0.0046731397,0.9050658,0.08163983,0.008621332
data/ESC-50/audio_16k/1-30709-B-23.wav,breathing,human,1,train,0.025161462,0.96105254,0.009769621,0.004016378
data/ESC-50/audio_16k/1-30709-C-23.wav,breathing,human,1,train,0.007387945,0.94601834,0.028084645,0.018509133
data/ESC-50/audio_16k/1-30830-A-24.wav,coughing,human,1,train,0.008669503,0.90764,0.051917735,0.0317728
data/ESC-50/audio_16k/1-31251-A-6.wav,hen,bird,1,train,0.7686011,0.14170475,0.07801959,0.01167454
data/ESC-50/audio_16k/1-31251-B-6.wav,hen,bird,1,train,0.58278203,0.2092829,0.1559975,0.051937655
data/ESC-50/audio_16k/1-31482-A-42.wav,siren,motor,1,train,0.00049713015,0.17907573,0.8199763,0.00045084977
data/ESC-50/audio_16k/1-31482-B-42.wav,siren,motor,1,train,0.00011727099,0.0022730024,0.99660856,0.0010011574
data/ESC-50/audio_16k/1-31748-A-21.wav,sneezing,human,1,train,0.028584482,0.94039005,0.016892629,0.014132758
data/ESC-50/audio_16k/1-33658-A-26.wav,laughing,human,1,train,0.0050893207,0.9737592,0.017374206,0.0037772385
data/ESC-50/audio_16k/1-34119-A-1.wav,rooster,bird,1,train,0.9761779,0.0032461016,0.01683754,0.0037384464
data/ESC-50/audio_16k/1-34119-B-1.wav,rooster,bird,1,train,0.9886568,0.010598828,0.0007387412,5.497184e-06
data/ESC-50/audio_16k/1-34495-A-14.wav,chirping_birds,bird,1,train,0.97786796,0.0028208806,0.0018737036,0.017437428
data/ESC-50/audio_16k/1-34497-A-14.wav,chirping_birds,bird,1,train,0.7113563,0.0020025643,0.0017382682,0.28490296
data/ESC-50/audio_16k/1-36164-A-26.wav,laughing,human,1,train,0.0022922296,0.9974361,0.0001219368,0.00014976111
data/ESC-50/audio_16k/1-36164-B-26.wav,laughing,human,1,train,0.00086099864,0.9989794,0.00012335328,3.6307607e-05
data/ESC-50/audio_16k/1-36393-A-23.wav,breathing,human,1,train,0.014886269,0.9073172,0.057571676,0.020224843
data/ESC-50/audio_16k/1-36397-A-23.wav,breathing,human,1,train,0.002477231,0.99730784,6.374298e-05,0.00015125524
data/ESC-50/audio_16k/1-36400-A-23.wav,breathing,human,1,train,0.00049011916,0.9984312,0.0006754985,0.000403227
data/ESC-50/audio_16k/1-36402-A-23.wav,breathing,human,1,train,0.009175778,0.9598302,0.010963631,0.02003039
data/ESC-50/audio_16k/1-38559-A-14.wav,chirping_birds,bird,1,train,0.8700782,0.0074902833,0.0059126383,0.11651886
data/ESC-50/audio_16k/1-38560-A-14.wav,chirping_birds,bird,1,train,0.94608074,0.012148364,0.0027998982,0.038970992
data/ESC-50/audio_16k/1-39835-A-9.wav,crow,bird,1,train,0.9855115,0.009915846,0.0012799868,0.0032927294
data/ESC-50/audio_16k/1-39835-B-9.wav,crow,bird,1,train,0.93523073,0.0027022082,0.0028667422,0.059200283
data/ESC-50/audio_16k/1-39901-A-11.wav,sea_waves,nature,1,train,6.323405e-05,0.0005871263,0.5346258,0.4647238
data/ESC-50/audio_16k/1-39901-B-11.wav,sea_waves,nature,1,train,0.0006936228,0.0019735715,0.78334355,0.21398929
data/ESC-50/audio_16k/1-39923-A-1.wav,rooster,bird,1,train,0.997492,0.0020917966,0.00018749703,0.0002286929
data/ESC-50/audio_16k/1-40730-A-1.wav,rooster,bird,1,train,0.9340442,0.003193859,0.06275448,7.411416e-06
data/ESC-50/audio_16k/1-43382-A-1.wav,rooster,bird,1,train,0.9902221,0.0064101657,0.003266221,0.00010156851
data/ESC-50/audio_16k/1-43760-A-11.wav,sea_waves,nature,1,train,6.99384e-05,0.0012176282,0.034279715,0.9644327
data/ESC-50/audio_16k/1-44831-A-1.wav,rooster,bird,1,train,0.9902722,0.0021025804,0.0061279023,0.001497297
data/ESC-50/audio_16k/1-46040-A-14.wav,chirping_birds,bird,1,train,0.899083,0.05433428,0.00413517,0.042447444
data/ESC-50/audio_16k/1-46938-A-7.wav,insects,nature,1,train,0.00019907596,0.00060098234,0.00015096585,0.99904895
data/ESC-50/audio_16k/1-46938-B-7.wav,insects,nature,1,train,0.00020623047,0.00078097585,0.003475539,0.9955372
data/ESC-50/audio_16k/1-47250-A-41.wav,chainsaw,motor,1,train,1.9519437e-05,0.00860815,0.9836942,0.007678122
data/ESC-50/audio_16k/1-47250-B-41.wav,chainsaw,motor,1,train,9.28712e-05,0.114190236,0.88195586,0.0037610573
data/ESC-50/audio_16k/1-47273-A-21.wav,sneezing,human,1,train,0.0009910357,0.99888706,2.5725e-05,9.615015e-05
data/ESC-50/audio_16k/1-47274-A-21.wav,sneezing,human,1,train,0.01867184,0.9780896,0.0017367625,0.001501825
data/ESC-50/audio_16k/1-47709-A-16.wav,wind,nature,1,train,0.00029742235,0.007265379,0.39149585,0.60094136
data/ESC-50/audio_16k/1-47714-A-16.wav,wind,nature,1,train,0.0033673784,0.039469186,0.34470424,0.6124592
data/ESC-50/audio_16k/1-50060-A-10.wav,rain,nature,1,train,0.0005800156,0.0047204974,0.022774532,0.9719249
data/ESC-50/audio_16k/1-50454-A-44.wav,engine,motor,1,train,0.0052393405,0.007560218,0.95953166,0.027668785
data/ESC-50/audio_16k/1-50455-A-44.wav,engine,motor,1,train,0.00024568688,0.11078088,0.88532996,0.0036434743
data/ESC-50/audio_16k/1-50661-A-44.wav,engine,motor,1,train,1.7753601e-06,0.0027780868,0.9968585,0.000361647
data/ESC-50/audio_16k/1-51035-A-16.wav,wind,nature,1,train,0.0034756581,0.00949372,0.09720129,0.88982934
data/ESC-50/audio_16k/1-51036-A-16.wav,wind,nature,1,train,0.00029327822,0.0050502843,0.08330696,0.9113495
data/ESC-50/audio_16k/1-51037-A-16.wav,wind,nature,1,train,6.2388666e-05,0.002378916,0.04207611,0.9554826
data/ESC-50/audio_16k/1-52266-A-24.wav,coughing,human,1,train,0.0005671468,0.9969678,0.0016339166,0.00083123316
data/ESC-50/audio_16k/1-52323-A-24.wav,coughing,human,1,train,7.373617e-05,0.9999245,1.8751383e-07,1.6213213e-06
data/ESC-50/audio_16k/1-53663-A-24.wav,coughing,human,1,train,0.0019461623,0.99800384,3.5211167e-05,1.4866189e-05
data/ESC-50/audio_16k/1-54065-A-45.wav,train,motor,1,train,6.47186e-05,0.0010806455,0.9800302,0.018824447
data/ESC-50/audio_16k/1-54065-B-45.wav,train,motor,1,train,0.00025370924,0.013052802,0.8917623,0.09493117
data/ESC-50/audio_16k/1-54084-A-42.wav,siren,motor,1,train,6.23889e-05,0.0031582161,0.99666494,0.000114413466
data/ESC-50/audio_16k/1-54505-A-21.wav,sneezing,human,1,train,0.0017329023,0.99810356,4.299391e-05,0.00012056798
data/ESC-50/audio_16k/1-54918-A-14.wav,chirping_birds,bird,1,train,0.9091222,0.0009127434,0.000372551,0.08959251
data/ESC-50/audio_16k/1-54918-B-14.wav,chirping_birds,bird,1,train,0.92031515,0.0027513972,0.0039592166,0.072974205
data/ESC-50/audio_16k/1-54958-A-10.wav,rain,nature,1,train,5.7943278e-05,0.005495734,0.0111418115,0.9833045
data/ESC-50/audio_16k/1-56233-A-9.wav,crow,bird,1,train,0.9995512,0.00043552552,1.14205095e-05,1.8562446e-06
data/ESC-50/audio_16k/1-56234-A-9.wav,crow,bird,1,train,0.9814301,0.007652534,0.0031980588,0.0077193505
data/ESC-50/audio_16k/1-56311-A-10.wav,rain,nature,1,train,0.015195756,0.007594801,0.07983831,0.8973711
data/ESC-50/audio_16k/1-57316-A-13.wav,crickets,nature,1,train,0.40359378,0.19403197,0.24973874,0.15263547
data/ESC-50/audio_16k/1-57318-A-13.wav,crickets,nature,1,train,0.27036223,0.043793675,0.063575685,0.62226844
data/ESC-50/audio_16k/1-58792-A-24.wav,coughing,human,1,train,0.23921737,0.75370395,0.0026752737,0.0044035222
data/ESC-50/audio_16k/1-59102-A-13.wav,crickets,nature,1,train,0.028940206,0.003182268,0.001337409,0.96654016
data/ESC-50/audio_16k/1-59324-A-21.wav,sneezing,human,1,train,0.023875112,0.9690219,0.003112219,0.0039908187
data/ESC-50/audio_16k/1-5996-A-6.wav,hen,bird,1,train,0.9803342,0.017161183,0.0024083885,9.625233e-05
data/ESC-50/audio_16k/1-60997-A-20.wav,crying_baby,human,1,train,5.4335058e-05,0.9944217,0.005513546,1.03591165e-05
data/ESC-50/audio_16k/1-60997-B-20.wav,crying_baby,human,1,train,8.2977385e-06,0.9999912,1.3808767e-07,4.2264645e-07
data/ESC-50/audio_16k/1-61252-A-11.wav,sea_waves,nature,1,train,1.0538134e-05,0.0022532817,0.037985753,0.9597504
data/ESC-50/audio_16k/1-61261-A-44.wav,engine,motor,1,train,0.0022423894,0.004393086,0.94340837,0.049956087
data/ESC-50/audio_16k/1-62509-A-45.wav,train,motor,1,train,0.00014416993,0.0016903414,0.990042,0.008123608
data/ESC-50/audio_16k/1-62565-A-44.wav,engine,motor,1,train,4.765253e-05,0.0011797127,0.9928485,0.005924023
data/ESC-50/audio_16k/1-63679-A-24.wav,coughing,human,1,train,7.218332e-05,0.99992156,1.2132208e-06,5.105937e-06
data/ESC-50/audio_16k/1-63871-A-10.wav,rain,nature,1,train,0.0027041493,0.013941316,0.40216497,0.5811896
data/ESC-50/audio_16k/1-64398-A-41.wav,chainsaw,motor,1,train,5.0126446e-06,0.00964647,0.9899864,0.00036211195
data/ESC-50/audio_16k/1-64398-B-41.wav,chainsaw,motor,1,train,0.00044682118,0.014130423,0.9778029,0.0076198326
data/ESC-50/audio_16k/1-64473-A-45.wav,train,motor,1,train,1.8611585e-05,0.00056011113,0.99737644,0.002044817
data/ESC-50/audio_16k/1-65483-A-13.wav,crickets,nature,1,train,0.058875203,0.043643128,0.27711615,0.62036556
data/ESC-50/audio_16k/1-69760-A-16.wav,wind,nature,1,train,4.4758966e-05,0.0040980494,0.08645485,0.9094023
data/ESC-50/audio_16k/1-70300-A-45.wav,train,motor,1,train,0.00011457513,0.008175083,0.9867679,0.004942441
data/ESC-50/audio_16k/1-71030-A-6.wav,hen,bird,1,train,0.92185736,0.043909434,0.01272319,0.021510024
data/ESC-50/audio_16k/1-72229-A-6.wav,hen,bird,1,train,0.5692673,0.42910248,0.0011117146,0.00051861804
data/ESC-50/audio_16k/1-72229-B-6.wav,hen,bird,1,train,0.7032188,0.09119253,0.20406522,0.001523426
data/ESC-50/audio_16k/1-72695-A-26.wav,laughing,human,1,train,0.0034598394,0.9958664,0.0005430357,0.00013072783
data/ESC-50/audio_16k/1-73123-A-26.wav,laughing,human,1,train,0.0048907674,0.9905722,0.0018688006,0.0026682504
data/ESC-50/audio_16k/1-73585-A-7.wav,insects,nature,1,train,0.0029290754,0.0046601347,0.06575854,0.92665225
data/ESC-50/audio_16k/1-7456-A-13.wav,crickets,nature,1,train,0.045315113,0.020695796,0.57353264,0.36045647
data/ESC-50/audio_16k/1-75162-A-9.wav,crow,bird,1,train,0.8528926,0.14472263,0.0016872886,0.00069751847
data/ESC-50/audio_16k/1-75189-A-7.wav,insects,nature,1,train,0.0036305895,0.1299878,0.0078587085,0.8585229
data/ESC-50/audio_16k/1-76831-A-42.wav,siren,motor,1,train,8.364087e-07,0.00015251775,0.9998373,9.382002e-06
data/ESC-50/audio_16k/1-76831-B-42.wav,siren,motor,1,train,5.045158e-09,0.00011628277,0.9998462,3.7514044e-05
data/ESC-50/audio_16k/1-76831-C-42.wav,siren,motor,1,train,8.518682e-09,3.765486e-05,0.99994344,1.8907986e-05
data/ESC-50/audio_16k/1-76831-D-42.wav,siren,motor,1,train,1.3516308e-07,0.00012946254,0.999866,4.3909463e-06
data/ESC-50/audio_16k/1-76831-E-42.wav,siren,motor,1,train,1.9268745e-08,6.5166685e-05,0.99992174,1.3074606e-05
data/ESC-50/audio_16k/1-7973-A-7.wav,insects,nature,1,train,0.004166755,0.05270052,0.0060092025,0.9371235
data/ESC-50/audio_16k/1-80785-A-7.wav,insects,nature,1,train,0.0015406606,0.018259488,0.1447883,0.83541155
data/ESC-50/audio_16k/1-80840-A-13.wav,crickets,nature,1,train,0.005061955,0.028283998,0.022188477,0.9444656
data/ESC-50/audio_16k/1-80841-A-13.wav,crickets,nature,1,train,0.29531476,0.052379273,0.10536401,0.54694206
data/ESC-50/audio_16k/1-81883-A-21.wav,sneezing,human,1,train,0.0010157952,0.9986277,2.1279295e-05,0.00033514437
data/ESC-50/audio_16k/1-88409-A-45.wav,train,motor,1,train,0.0012832534,0.7327595,0.26403105,0.001926256
data/ESC-50/audio_16k/1-88409-B-45.wav,train,motor,1,train,0.00019084782,0.0020855966,0.99109536,0.0066282297
data/ESC-50/audio_16k/1-91359-A-11.wav,sea_waves,nature,1,train,2.9086419e-05,0.002769164,0.7612636,0.23593818
data/ESC-50/audio_16k/1-91359-B-11.wav,sea_waves,nature,1,train,0.0001568088,0.0035924877,0.66242516,0.3338255
data/ESC-50/audio_16k/1-94036-A-22.wav,clapping,human,1,train,2.7802545e-05,0.9947993,0.0007721637,0.004400723
data/ESC-50/audio_16k/1-96950-A-9.wav,crow,bird,1,train,0.94749784,0.05159873,0.0005977027,0.0003056811
data/ESC-50/audio_16k/1-96950-B-9.wav,crow,bird,1,train,0.8873343,0.11245105,0.00016448519,5.020545e-05
data/ESC-50/audio_16k/1-9841-A-13.wav,crickets,nature,1,train,0.15166657,0.018149061,0.032143556,0.7980408
data/ESC-50/audio_16k/2-100786-A-1.wav,rooster,bird,2,train,0.97323555,0.01656731,0.010114524,8.254633e-05
data/ESC-50/audio_16k/2-101676-A-10.wav,rain,nature,2,train,0.0009698058,0.010303209,0.013769815,0.97495717
data/ESC-50/audio_16k/2-102852-A-11.wav,sea_waves,nature,2,train,0.00021294232,0.00239592,0.028562602,0.96882856
data/ESC-50/audio_16k/2-104105-A-19.wav,thunderstorm,nature,2,train,2.2409274e-06,0.0010531666,0.00018158862,0.99876297
data/ESC-50/audio_16k/2-104105-B-19.wav,thunderstorm,nature,2,train,3.66082e-05,0.0025404298,0.0071469243,0.99027604
data/ESC-50/audio_16k/2-104952-A-16.wav,wind,nature,2,train,0.0044945916,0.0068361997,0.49427643,0.49439284
data/ESC-50/audio_16k/2-104952-B-16.wav,wind,nature,2,train,0.0008845086,0.00653606,0.7221047,0.27047473
data/ESC-50/audio_16k/2-106014-A-44.wav,engine,motor,2,train,3.1128842e-05,0.00061111926,0.99664277,0.0027149762
data/ESC-50/audio_16k/2-106015-A-44.wav,engine,motor,2,train,0.00021278606,0.00785754,0.9898282,0.0021014498
data/ESC-50/audio_16k/2-106015-B-44.wav,engine,motor,2,train,0.001982314,0.0077056955,0.9869635,0.0033485168
data/ESC-50/audio_16k/2-106019-A-13.wav,crickets,nature,2,train,0.05776624,0.0021320824,0.011577558,0.92852414
data/ESC-50/audio_16k/2-106486-A-44.wav,engine,motor,2,train,0.0004834264,0.0011008369,0.9905819,0.007833775
data/ESC-50/audio_16k/2-106487-A-44.wav,engine,motor,2,train,0.00011939944,0.000938085,0.9970239,0.001918671
data/ESC-50/audio_16k/2-107228-A-44.wav,engine,motor,2,train,0.00014210686,0.012322226,0.98119867,0.006336968
data/ESC-50/audio_16k/2-107228-B-44.wav,engine,motor,2,train,0.000683758,0.024643866,0.96580595,0.008866396
data/ESC-50/audio_16k/2-107351-A-20.wav,crying_baby,human,2,train,0.005385443,0.9881118,0.00560163,0.000901211
data/ESC-50/audio_16k/2-107351-B-20.wav,crying_baby,human,2,train,0.0026274647,0.9962063,0.0010431136,0.00012313519
data/ESC-50/audio_16k/2-108017-A-24.wav,coughing,human,2,train,4.4242275e-05,0.9999453,5.360539e-06,5.106541e-06
data/ESC-50/audio_16k/2-108760-A-14.wav,chirping_birds,bird,2,train,0.7721206,0.006352973,0.20107692,0.020449504
data/ESC-50/audio_16k/2-108760-B-14.wav,chirping_birds,bird,2,train,0.29290706,0.019620756,0.5705592,0.11691303
data/ESC-50/audio_16k/2-108761-A-14.wav,chirping_birds,bird,2,train,0.8258877,0.004599309,0.029643951,0.13986902
data/ESC-50/audio_16k/2-108763-A-9.wav,crow,bird,2,train,0.6478967,0.2746722,0.0375606,0.03987058
data/ESC-50/audio_16k/2-108766-A-9.wav,crow,bird,2,train,0.9716738,0.004111526,0.020873392,0.003341241
data/ESC-50/audio_16k/2-108767-A-9.wav,crow,bird,2,train,0.83900654,0.00798738,0.044267144,0.10873889
data/ESC-50/audio_16k/2-108767-B-9.wav,crow,bird,2,train,0.83749187,0.0119226575,0.035318658,0.11526689
data/ESC-50/audio_16k/2-108767-C-9.wav,crow,bird,2,train,0.93061703,0.05152202,0.008818555,0.00904245
data/ESC-50/audio_16k/2-109231-A-9.wav,crow,bird,2,train,0.91631573,0.027134962,0.0525092,0.004040011
data/ESC-50/audio_16k/2-109231-B-9.wav,crow,bird,2,train,0.75879955,0.018198323,0.17401877,0.04898337
data/ESC-50/audio_16k/2-109231-C-9.wav,crow,bird,2,train,0.788784,0.052384816,0.08185143,0.076979764
data/ESC-50/audio_16k/2-109371-A-16.wav,wind,nature,2,train,0.0025323764,0.0015908492,0.96972257,0.026154218
data/ESC-50/audio_16k/2-109371-B-16.wav,wind,nature,2,train,0.003148972,0.0039182035,0.9527599,0.040172864
data/ESC-50/audio_16k/2-109371-C-16.wav,wind,nature,2,train,0.0023153152,0.004210512,0.98320204,0.010272095
data/ESC-50/audio_16k/2-109371-D-16.wav,wind,nature,2,train,0.004543787,0.0015959116,0.96518797,0.02867226
data/ESC-50/audio_16k/2-109374-A-16.wav,wind,nature,2,train,0.078894615,0.11711865,0.74925643,0.054730363
data/ESC-50/audio_16k/2-109505-A-21.wav,sneezing,human,2,train,0.014536636,0.97668904,0.004524811,0.004249543
data/ESC-50/audio_16k/2-109759-A-26.wav,laughing,human,2,train,0.0024624364,0.9972686,0.00017343179,9.547047e-05
data/ESC-50/audio_16k/2-109759-B-26.wav,laughing,human,2,train,0.1923926,0.8050734,0.0012158707,0.0013182752
data/ESC-50/audio_16k/2-110613-A-13.wav,crickets,nature,2,train,0.003719053,0.98930603,0.0054605235,0.0015143934
data/ESC-50/audio_16k/2-117625-A-10.wav,rain,nature,2,train,0.00065379223,0.0045543863,0.09106401,0.9037278
data/ESC-50/audio_16k/2-118104-A-21.wav,sneezing,human,2,train,0.0013070311,0.99506533,0.003329307,0.0002983412
data/ESC-50/audio_16k/2-119102-A-21.wav,sneezing,human,2,train,2.4691284e-05,0.9999745,5.039629e-08,7.272129e-07
data/ESC-50/audio_16k/2-120586-A-6.wav,hen,bird,2,train,0.9918412,0.0017966086,0.006334413,2.7794895e-05
data/ESC-50/audio_16k/2-120587-A-6.wav,hen,bird,2,train,0.9439926,0.054901432,0.000974171,0.00013187526
data/ESC-50/audio_16k/2-122066-A-45.wav,train,motor,2,train,0.0005058639,0.0028086936,0.9849081,0.011777357
data/ESC-50/audio_16k/2-122066-B-45.wav,train,motor,2,train,3.5933608e-06,0.0003464245,0.9984362,0.0012137434
data/ESC-50/audio_16k/2-122067-A-45.wav,train,motor,2,train,0.00018420554,0.00518302,0.98745966,0.007173177
data/ESC-50/audio_16k/2-122067-B-45.wav,train,motor,2,train,1.3841906e-05,0.02969145,0.9699794,0.00031526198
data/ESC-50/audio_16k/2-122616-A-14.wav,chirping_birds,bird,2,train,0.9914983,0.0036410561,0.0013687724,0.0034919304
data/ESC-50/audio_16k/2-123896-A-24.wav,coughing,human,2,train,0.00090055645,0.9979563,0.0010287964,0.00011443235
data/ESC-50/audio_16k/2-124662-A-11.wav,sea_waves,nature,2,train,0.0028286963,0.004397764,0.5604629,0.43231064
data/ESC-50/audio_16k/2-125821-A-13.wav,crickets,nature,2,train,0.11043571,0.011516278,0.08329995,0.794748
data/ESC-50/audio_16k/2-125875-A-13.wav,crickets,nature,2,train,0.23186044,0.083249204,0.15090843,0.53398186
data/ESC-50/audio_16k/2-125966-A-11.wav,sea_waves,nature,2,train,0.0003029864,0.006357266,0.512501,0.48083878
data/ESC-50/audio_16k/2-127109-A-6.wav,hen,bird,2,train,0.9949247,0.004435063,0.0005789871,6.123185e-05
data/ESC-50/audio_16k/2-128631-A-21.wav,sneezing,human,2,train,0.0007666931,0.99904054,9.054724e-06,0.00018368942
data/ESC-50/audio_16k/2-130978-A-21.wav,sneezing,human,2,train,0.000799892,0.9989476,7.9194215e-05,0.0001732005
data/ESC-50/audio_16k/2-130979-A-21.wav,sneezing,human,2,train,0.0005680362,0.9994015,7.1971576e-06,2.3247323e-05
data/ESC-50/audio_16k/2-132157-A-11.wav,sea_waves,nature,2,train,0.009423874,0.0024004201,0.40712836,0.58104736
data/ESC-50/audio_16k/2-132157-B-11.wav,sea_waves,nature,2,train,0.00020234832,0.001825354,0.43218806,0.5657842
data/ESC-50/audio_16k/2-133863-A-11.wav,sea_waves,nature,2,train,5.3277203e-05,0.003877259,0.38629562,0.6097739
data/ESC-50/audio_16k/2-134049-A-6.wav,hen,bird,2,train,0.7733474,0.20156221,0.023811193,0.0012791348
data/ESC-50/audio_16k/2-135649-A-45.wav,train,motor,2,train,0.0012596151,0.20806089,0.7120354,0.078644134
data/ESC-50/audio_16k/2-135649-B-45.wav,train,motor,2,train,5.5469063e-05,0.0012157818,0.9930723,0.005656512
data/ESC-50/audio_16k/2-135649-C-45.wav,train,motor,2,train,0.0023577693,0.015520712,0.95176107,0.030360479
data/ESC-50/audio_16k/2-137162-A-11.wav,sea_waves,nature,2,train,8.8383575e-05,0.0042866813,0.0230095,0.9726154
data/ESC-50/audio_16k/2-151079-A-20.wav,crying_baby,human,2,train,0.0026452926,0.99687696,0.00025290114,0.00022487571
data/ESC-50/audio_16k/2-155801-A-11.wav,sea_waves,nature,2,train,0.00041487694,0.0027735904,0.17471771,0.8220938
data/ESC-50/audio_16k/2-157488-A-6.wav,hen,bird,2,train,0.9997902,0.000153663,3.6339385e-05,1.9803372e-05
data/ESC-50/audio_16k/2-160128-A-7.wav,insects,nature,2,train,0.02471319,0.46546412,0.08047995,0.4293427
data/ESC-50/audio_16k/2-188822-A-40.wav,helicopter,motor,2,train,0.00015077704,0.0016373198,0.98591167,0.012300215
data/ESC-50/audio_16k/2-188822-B-40.wav,helicopter,motor,2,train,0.00047805186,0.00590482,0.94403195,0.04958519
data/ESC-50/audio_16k/2-188822-C-40.wav,helicopter,motor,2,train,0.0004013823,0.004943098,0.9922564,0.002399107
data/ESC-50/audio_16k/2-188822-D-40.wav,helicopter,motor,2,train,1.0405475e-05,0.001197987,0.99266165,0.0061299563
data/ESC-50/audio_16k/2-205966-A-16.wav,wind,nature,2,train,0.0040095826,0.006864861,0.87194026,0.117185295
data/ESC-50/audio_16k/2-25292-A-22.wav,clapping,human,2,train,1.2782641e-05,0.9397739,0.058343858,0.0018694338
data/ESC-50/audio_16k/2-25293-A-22.wav,clapping,human,2,train,0.00018332314,0.9987824,0.00088971655,0.00014456469
data/ESC-50/audio_16k/2-262579-A-45.wav,train,motor,2,train,8.6411594e-05,0.021004647,0.9755665,0.0033424273
data/ESC-50/audio_16k/2-37806-A-40.wav,helicopter,motor,2,train,5.2122523e-05,0.0016262742,0.99753714,0.0007844346
data/ESC-50/audio_16k/2-37806-B-40.wav,helicopter,motor,2,train,1.3630924e-05,0.0003234795,0.9988036,0.00085933
data/ESC-50/audio_16k/2-37806-C-40.wav,helicopter,motor,2,train,2.6252792e-06,0.0005454736,0.9991565,0.00029539625
data/ESC-50/audio_16k/2-37806-D-40.wav,helicopter,motor,2,train,2.5505624e-05,0.00017163769,0.9979225,0.0018803765
data/ESC-50/audio_16k/2-39441-A-19.wav,thunderstorm,nature,2,train,0.0005619592,0.011539179,0.11005848,0.8778404
data/ESC-50/audio_16k/2-39443-A-19.wav,thunderstorm,nature,2,train,0.009211239,0.013852838,0.12695415,0.8499818
data/ESC-50/audio_16k/2-39443-B-19.wav,thunderstorm,nature,2,train,0.0043596136,0.01479661,0.15928568,0.82155806
data/ESC-50/audio_16k/2-39945-A-19.wav,thunderstorm,nature,2,train,0.002260829,0.029682865,0.02448636,0.9435699
data/ESC-50/audio_16k/2-39945-B-19.wav,thunderstorm,nature,2,train,0.0021394498,0.021520803,0.025988959,0.9503508
data/ESC-50/audio_16k/2-39945-C-19.wav,thunderstorm,nature,2,train,0.00065559684,0.0052562812,0.032516576,0.9615715
data/ESC-50/audio_16k/2-43802-A-42.wav,siren,motor,2,train,8.3155894e-05,0.0034296226,0.99516046,0.0013267931
data/ESC-50/audio_16k/2-43806-A-42.wav,siren,motor,2,train,0.0004906194,0.0040223445,0.99529475,0.00019224886
data/ESC-50/audio_16k/2-50665-A-20.wav,crying_baby,human,2,train,0.0029908998,0.99317485,0.0036457942,0.00018846052
data/ESC-50/audio_16k/2-50666-A-20.wav,crying_baby,human,2,train,6.4478074e-05,0.99929935,1.8651623e-05,0.00061754865
data/ESC-50/audio_16k/2-50667-A-41.wav,chainsaw,motor,2,train,1.7942755e-05,0.010007837,0.9322006,0.057773553
data/ESC-50/audio_16k/2-50667-B-41.wav,chainsaw,motor,2,train,2.983749e-06,0.0055364096,0.9939292,0.0005314388
data/ESC-50/audio_16k/2-50668-A-41.wav,chainsaw,motor,2,train,3.95434e-05,0.005264724,0.9901996,0.0044961427
data/ESC-50/audio_16k/2-50668-B-41.wav,chainsaw,motor,2,train,0.00040364018,0.015055109,0.9578257,0.026715528
data/ESC-50/audio_16k/2-50774-A-23.wav,breathing,human,2,train,0.0017448771,0.99741477,0.00027775762,0.00056257093
data/ESC-50/audio_16k/2-54961-A-23.wav,breathing,human,2,train,0.08836972,0.7136966,0.18557191,0.012361758
data/ESC-50/audio_16k/2-54962-A-23.wav,breathing,human,2,train,0.033731353,0.14213458,0.7896308,0.03450332
data/ESC-50/audio_16k/2-57733-A-22.wav,clapping,human,2,train,0.005361972,0.07529331,0.87699425,0.04235045
data/ESC-50/audio_16k/2-60791-A-26.wav,laughing,human,2,train,1.262074e-05,0.9999728,1.0193934e-05,4.296324e-06
data/ESC-50/audio_16k/2-60794-A-26.wav,laughing,human,2,train,0.0007445389,0.9935642,0.0045176884,0.0011736267
data/ESC-50/audio_16k/2-60795-A-26.wav,laughing,human,2,train,7.32871e-05,0.99979186,9.8852666e-05,3.5959405e-05
data/ESC-50/audio_16k/2-60900-A-22.wav,clapping,human,2,train,0.029745923,0.852689,0.03436974,0.08319536
data/ESC-50/audio_16k/2-62226-A-26.wav,laughing,human,2,train,0.21541923,0.7833678,0.0011179203,9.4988485e-05
data/ESC-50/audio_16k/2-65750-A-1.wav,rooster,bird,2,train,0.9773325,0.0044480106,0.01716609,0.0010534606
data/ESC-50/audio_16k/2-66205-A-23.wav,breathing,human,2,train,0.32593507,0.5592586,0.096061416,0.018744975
data/ESC-50/audio_16k/2-66637-A-20.wav,crying_baby,human,2,train,0.15872134,0.84087443,0.00025678382,0.00014743165
data/ESC-50/audio_16k/2-66637-B-20.wav,crying_baby,human,2,train,0.00059437915,0.9984147,9.230901e-05,0.00089857966
data/ESC-50/audio_16k/2-68391-A-41.wav,chainsaw,motor,2,train,0.0003844058,0.04145881,0.95373607,0.0044207284
data/ESC-50/audio_16k/2-68391-B-41.wav,chainsaw,motor,2,train,7.4411207e-07,0.00085125654,0.9988428,0.00030522732
data/ESC-50/audio_16k/2-70052-A-42.wav,siren,motor,2,train,0.00061564916,0.026778163,0.97208077,0.0005253556
data/ESC-50/audio_16k/2-70052-B-42.wav,siren,motor,2,train,0.00216362,0.01660838,0.9740245,0.0072034886
data/ESC-50/audio_16k/2-70936-A-42.wav,siren,motor,2,train,1.7831919e-06,0.00025496277,0.9997403,2.9263165e-06
data/ESC-50/audio_16k/2-70938-A-42.wav,siren,motor,2,train,0.0002233776,0.0037350869,0.9957925,0.00024901185
data/ESC-50/audio_16k/2-70939-A-42.wav,siren,motor,2,train,6.444476e-10,1.9951198e-05,0.9999779,2.1909182e-06
data/ESC-50/audio_16k/2-71162-A-1.wav,rooster,bird,2,train,0.87477696,0.11995785,0.005264974,1.2828937e-07
data/ESC-50/audio_16k/2-72268-A-6.wav,hen,bird,2,train,0.9484642,0.042722672,0.0017390309,0.0070740795
data/ESC-50/audio_16k/2-72547-A-14.wav,chirping_birds,bird,2,train,0.99482256,0.0051566735,7.843332e-06,1.2902549e-05
data/ESC-50/audio_16k/2-72547-B-14.wav,chirping_birds,bird,2,train,0.99054074,0.0060253995,0.0010243908,0.0024094977
data/ESC-50/audio_16k/2-72547-C-14.wav,chirping_birds,bird,2,train,0.8313723,0.14799672,0.0010356138,0.019595306
data/ESC-50/audio_16k/2-72547-D-14.wav,chirping_birds,bird,2,train,0.87060666,0.003166965,0.0023705687,0.123855755
data/ESC-50/audio_16k/2-72688-A-42.wav,siren,motor,2,train,7.9036363e-07,0.0005765502,0.99934644,7.6262055e-05
data/ESC-50/audio_16k/2-72970-A-10.wav,rain,nature,2,train,0.008148288,0.023106297,0.26139754,0.70734787
data/ESC-50/audio_16k/2-73027-A-10.wav,rain,nature,2,train,9.0267255e-05,0.006378612,0.0326056,0.9609255
data/ESC-50/audio_16k/2-73260-A-10.wav,rain,nature,2,train,0.7728279,0.00629418,0.13026732,0.09061069
data/ESC-50/audio_16k/2-75726-A-6.wav,hen,bird,2,train,0.9470451,0.050153155,0.0024821842,0.00031952217
data/ESC-50/audio_16k/2-76408-A-22.wav,clapping,human,2,train,0.00025193248,0.9991229,0.00054108305,8.4043284e-05
data/ESC-50/audio_16k/2-76408-B-22.wav,clapping,human,2,train,3.230329e-05,0.99980545,0.0001519503,1.02195245e-05
data/ESC-50/audio_16k/2-76408-C-22.wav,clapping,human,2,train,5.214364e-05,0.9993321,0.00058985595,2.5910196e-05
data/ESC-50/audio_16k/2-76408-D-22.wav,clapping,human,2,train,0.00010432777,0.9960334,0.003826274,3.600114e-05
data/ESC-50/audio_16k/2-76868-A-6.wav,hen,bird,2,train,0.95228493,0.042798426,0.002934541,0.001982121
data/ESC-50/audio_16k/2-77945-A-41.wav,chainsaw,motor,2,train,0.00051833235,0.040086582,0.9475908,0.01180424
data/ESC-50/audio_16k/2-77945-B-41.wav,chainsaw,motor,2,train,3.572387e-08,0.0004823574,0.9995149,2.7092517e-06
data/ESC-50/audio_16k/2-78651-A-44.wav,engine,motor,2,train,0.00042675054,0.036540296,0.8892096,0.073823325
data/ESC-50/audio_16k/2-79769-A-26.wav,laughing,human,2,train,0.00054059905,0.99929196,9.616129e-05,7.1287555e-05
data/ESC-50/audio_16k/2-79775-A-26.wav,laughing,human,2,train,0.0043812585,0.9885766,0.0037548675,0.0032872919
data/ESC-50/audio_16k/2-80482-A-20.wav,crying_baby,human,2,train,0.0047384943,0.99496067,0.00026551442,3.536825e-05
data/ESC-50/audio_16k/2-80844-A-13.wav,crickets,nature,2,train,0.28988194,0.008023526,0.0017353828,0.70035917
data/ESC-50/audio_16k/2-81270-A-1.wav,rooster,bird,2,train,0.9700756,0.013663482,0.0053277244,0.010933178
data/ESC-50/audio_16k/2-81731-A-10.wav,rain,nature,2,train,0.25143397,0.021078885,0.004612395,0.72287476
data/ESC-50/audio_16k/2-81970-A-7.wav,insects,nature,2,train,0.0004446361,0.056151405,0.013315639,0.93008834
data/ESC-50/audio_16k/2-81970-B-7.wav,insects,nature,2,train,0.00012180403,0.04160609,0.009670817,0.94860125
data/ESC-50/audio_16k/2-81970-C-7.wav,insects,nature,2,train,0.0003008564,0.005964553,0.0011529815,0.9925816
data/ESC-50/audio_16k/2-82077-A-7.wav,insects,nature,2,train,0.008949626,0.25671315,0.5918829,0.14245443
data/ESC-50/audio_16k/2-82367-A-10.wav,rain,nature,2,train,0.097271696,0.011402914,0.014104699,0.87722063
data/ESC-50/audio_16k/2-82455-A-23.wav,breathing,human,2,train,0.0009962613,0.89733684,0.09263362,0.009033325
data/ESC-50/audio_16k/2-82538-A-21.wav,sneezing,human,2,train,0.0018570222,0.98894525,0.0059664864,0.0032313033
data/ESC-50/audio_16k/2-83270-A-13.wav,crickets,nature,2,train,0.0011230476,0.013780421,0.9507409,0.03435564
data/ESC-50/audio_16k/2-84965-A-23.wav,breathing,human,2,train,0.01556478,0.73569345,0.18611822,0.06262345
data/ESC-50/audio_16k/2-85139-A-13.wav,crickets,nature,2,train,0.186303,0.024290133,0.17788324,0.61152357
data/ESC-50/audio_16k/2-85292-A-24.wav,coughing,human,2,train,0.0007811901,0.9989852,0.00010785836,0.00012583514
data/ESC-50/audio_16k/2-87412-A-24.wav,coughing,human,2,train,6.819668e-07,0.9999993,6.4135905e-11,8.330647e-10
data/ESC-50/audio_16k/2-87781-A-10.wav,rain,nature,2,train,0.0023047852,0.0044971234,0.15547235,0.83772576
data/ESC-50/audio_16k/2-87794-A-24.wav,coughing,human,2,train,0.017379293,0.9592072,0.014304428,0.00910908
data/ESC-50/audio_16k/2-87795-A-24.wav,coughing,human,2,train,0.004133987,0.94890964,0.024593681,0.022362722
data/ESC-50/audio_16k/2-87799-A-24.wav,coughing,human,2,train,0.009396851,0.98929095,0.0006281754,0.0006840023
data/ESC-50/audio_16k/2-93030-A-21.wav,sneezing,human,2,train,0.0017076427,0.99810755,5.4028574e-06,0.00017937212
data/ESC-50/audio_16k/2-95035-A-1.wav,rooster,bird,2,train,0.9803526,0.019413235,0.00022617979,7.9556285e-06
data/ESC-50/audio_16k/2-95258-A-1.wav,rooster,bird,2,train,0.9984079,0.0011101784,0.00021536216,0.00026651943
data/ESC-50/audio_16k/2-95258-B-1.wav,rooster,bird,2,train,0.9843105,0.0030003453,0.0076766596,0.0050125015
data/ESC-50/audio_16k/2-95567-A-23.wav,breathing,human,2,train,0.0072372407,0.9809899,0.0061482103,0.005624647
data/ESC-50/audio_16k/2-96033-A-13.wav,crickets,nature,2,train,0.6479555,0.003614661,0.026805924,0.32162395
data/ESC-50/audio_16k/2-96460-A-1.wav,rooster,bird,2,train,0.6690651,0.098218605,0.2189547,0.013761586
data/ESC-50/audio_16k/2-98392-A-23.wav,breathing,human,2,train,0.032943085,0.8514522,0.048333157,0.0672716
data/ESC-50/audio_16k/2-98676-A-24.wav,coughing,human,2,train,0.0021319683,0.99751675,0.00018927075,0.00016196267
data/ESC-50/audio_16k/2-99955-A-7.wav,insects,nature,2,train,0.0060674837,0.39318153,0.027460653,0.5732903
data/ESC-50/audio_16k/2-99955-B-7.wav,insects,nature,2,train,0.0006020177,0.6126695,0.17417485,0.21255358
data/ESC-50/audio_16k/2-99955-C-7.wav,insects,nature,2,train,0.0053546894,0.8548174,0.12927146,0.010556402
data/ESC-50/audio_16k/3-103050-A-19.wav,thunderstorm,nature,3,train,0.017122662,0.07184527,0.028275738,0.8827563
data/ESC-50/audio_16k/3-103051-A-19.wav,thunderstorm,nature,3,train,0.009014715,0.008812825,0.008449117,0.9737233
data/ESC-50/audio_16k/3-103051-B-19.wav,thunderstorm,nature,3,train,0.019038947,0.012201659,0.038466215,0.9302932
data/ESC-50/audio_16k/3-103051-C-19.wav,thunderstorm,nature,3,train,0.002051594,0.0047546853,0.006756235,0.9864375
data/ESC-50/audio_16k/3-104761-A-7.wav,insects,nature,3,train,0.0055092378,0.0068489905,0.03498246,0.95265937
data/ESC-50/audio_16k/3-104761-B-7.wav,insects,nature,3,train,0.0010437876,0.0034307754,0.11653652,0.8789889
data/ESC-50/audio_16k/3-105235-A-7.wav,insects,nature,3,train,0.411477,0.120199025,0.0018934819,0.46643052
data/ESC-50/audio_16k/3-105236-A-7.wav,insects,nature,3,train,0.18114081,0.007913978,0.0050635813,0.8058816
data/ESC-50/audio_16k/3-107123-A-26.wav,laughing,human,3,train,0.049159583,0.9504194,0.0003428577,7.808784e-05
data/ESC-50/audio_16k/3-107219-A-1.wav,rooster,bird,3,train,0.17847103,0.8187632,0.0020079606,0.00075784617
data/ESC-50/audio_16k/3-108160-A-23.wav,breathing,human,3,train,0.0027653703,0.98268723,0.01222839,0.002319109
data/ESC-50/audio_16k/3-110536-A-26.wav,laughing,human,3,train,8.0619415e-05,0.9998895,1.7762684e-05,1.2099983e-05
data/ESC-50/audio_16k/3-110913-A-7.wav,insects,nature,3,train,0.0018001427,0.067757584,0.07641594,0.8540263
data/ESC-50/audio_16k/3-110913-B-7.wav,insects,nature,3,train,0.0012583554,0.17703941,0.08402225,0.73768
data/ESC-50/audio_16k/3-110913-C-7.wav,insects,nature,3,train,0.00053678727,0.18558724,0.09793618,0.7159398
data/ESC-50/audio_16k/3-110913-D-7.wav,insects,nature,3,train,0.0002111667,0.0031624497,0.026575748,0.97005063
data/ESC-50/audio_16k/3-112397-A-9.wav,crow,bird,3,train,0.9925408,0.005523684,0.0016860206,0.00024949058
data/ESC-50/audio_16k/3-112557-A-23.wav,breathing,human,3,train,0.014711336,0.98165023,0.0022058308,0.001432644
data/ESC-50/audio_16k/3-112557-B-23.wav,breathing,human,3,train,0.013284627,0.9864334,5.773517e-05,0.00022429763
data/ESC-50/audio_16k/3-115382-A-44.wav,engine,motor,3,train,0.00034088062,0.0068703345,0.9805529,0.012235881
data/ESC-50/audio_16k/3-116135-A-1.wav,rooster,bird,3,train,0.9917203,0.002782293,0.00541545,8.194164e-05
data/ESC-50/audio_16k/3-117293-A-9.wav,crow,bird,3,train,0.92009157,0.018681042,0.0043780142,0.056849398
data/ESC-50/audio_16k/3-117504-A-16.wav,wind,nature,3,train,0.026077671,0.0058933143,0.8087566,0.15927242
data/ESC-50/audio_16k/3-117504-B-16.wav,wind,nature,3,train,0.024671102,0.01448546,0.84691733,0.11392617
data/ESC-50/audio_16k/3-118487-A-26.wav,laughing,human,3,train,0.011670428,0.97578746,0.0025826606,0.009959503
data/ESC-50/audio_16k/3-118656-A-41.wav,chainsaw,motor,3,train,0.00013239808,0.010891845,0.9856532,0.003322551
data/ESC-50/audio_16k/3-118657-A-41.wav,chainsaw,motor,3,train,3.7918424e-05,0.004746856,0.9934826,0.0017326189
data/ESC-50/audio_16k/3-118657-B-41.wav,chainsaw,motor,3,train,0.000110712455,0.0065983604,0.9661263,0.027164593
data/ESC-50/audio_16k/3-118658-A-41.wav,chainsaw,motor,3,train,0.00028315806,0.006259117,0.9877124,0.0057453304
data/ESC-50/audio_16k/3-118658-B-41.wav,chainsaw,motor,3,train,0.0011767822,0.018008664,0.97097236,0.009842204
data/ESC-50/audio_16k/3-118972-A-41.wav,chainsaw,motor,3,train,3.0414736e-05,0.009755673,0.98843414,0.0017798102
data/ESC-50/audio_16k/3-118972-B-41.wav,chainsaw,motor,3,train,8.002876e-06,0.0037804726,0.9958671,0.000344476
data/ESC-50/audio_16k/3-119455-A-44.wav,engine,motor,3,train,1.5809654e-05,0.0012498902,0.99753344,0.0012008058
data/ESC-50/audio_16k/3-119459-A-26.wav,laughing,human,3,train,0.019168098,0.98033464,0.00028770033,0.00020954719
data/ESC-50/audio_16k/3-121348-A-9.wav,crow,bird,3,train,0.9459776,0.051830016,0.000969913,0.0012225602
data/ESC-50/audio_16k/3-123224-A-19.wav,thunderstorm,nature,3,train,0.00035406995,0.0038245006,0.0019558505,0.99386555
data/ESC-50/audio_16k/3-124600-A-19.wav,thunderstorm,nature,3,train,0.0018964554,0.009122618,0.025445908,0.9635351
data/ESC-50/audio_16k/3-124925-A-9.wav,crow,bird,3,train,0.6228986,0.37471044,0.0019865895,0.0004043864
data/ESC-50/audio_16k/3-125418-A-24.wav,coughing,human,3,train,0.024338268,0.97438985,0.00062574726,0.00064619054
data/ESC-50/audio_16k/3-126113-A-26.wav,laughing,human,3,train,0.0027508342,0.9637097,0.025758872,0.0077806395
data/ESC-50/audio_16k/3-127890-A-9.wav,crow,bird,3,train,0.9890955,0.0044400375,0.004835068,0.0016293954
data/ESC-50/audio_16k/3-127890-B-9.wav,crow,bird,3,train,0.9812482,0.007625857,0.010210659,0.0009152094
data/ESC-50/audio_16k/3-127890-C-9.wav,crow,bird,3,train,0.9759783,0.0043701273,0.019360056,0.00029155108
data/ESC-50/audio_16k/3-128160-A-44.wav,engine,motor,3,train,4.3845967e-06,0.00097179104,0.99807775,0.0009460115
data/ESC-50/audio_16k/3-129264-A-9.wav,crow,bird,3,train,0.5755609,0.14369766,0.24380496,0.036936335
data/ESC-50/audio_16k/3-129338-A-13.wav,crickets,nature,3,train,0.01490722,0.0054950705,0.024450455,0.95514727
data/ESC-50/audio_16k/3-129678-A-13.wav,crickets,nature,3,train,0.008143947,0.0003348156,0.0001911711,0.9913301
data/ESC-50/audio_16k/3-130330-A-22.wav,clapping,human,3,train,0.00014181715,0.99673903,0.0029251713,0.00019404295
data/ESC-50/audio_16k/3-132601-A-24.wav,coughing,human,3,train,3.694779e-05,0.99996287,5.9237635e-08,8.911198e-08
data/ESC-50/audio_16k/3-132747-A-26.wav,laughing,human,3,train,0.02224895,0.9750751,0.002477913,0.00019799953
data/ESC-50/audio_16k/3-132852-A-10.wav,rain,nature,3,train,0.05645317,0.00968881,0.65883964,0.2750184
data/ESC-50/audio_16k/3-134049-A-1.wav,rooster,bird,3,train,0.98521215,0.012354899,0.0017341627,0.0006988067
data/ESC-50/audio_16k/3-134699-A-16.wav,wind,nature,3,train,0.2155408,0.06337853,0.33152658,0.38955402
data/ESC-50/audio_16k/3-134699-B-16.wav,wind,nature,3,train,0.0009429298,0.009184329,0.113202766,0.87667
data/ESC-50/audio_16k/3-134699-C-16.wav,wind,nature,3,train,0.3790065,0.014949958,0.2605569,0.34548664
data/ESC-50/audio_16k/3-134802-A-13.wav,crickets,nature,3,train,0.31613183,0.0061569484,0.009279564,0.66843164
data/ESC-50/audio_16k/3-135650-A-45.wav,train,motor,3,train,0.0025668603,0.043080702,0.91330487,0.041047536
data/ESC-50/audio_16k/3-135650-B-45.wav,train,motor,3,train,0.0041500637,0.2597892,0.694551,0.0415097
data/ESC-50/audio_16k/3-136451-A-45.wav,train,motor,3,train,9.7029166e-05,0.0007509829,0.99590963,0.003242307
data/ESC-50/audio_16k/3-136608-A-16.wav,wind,nature,3,train,0.00367986,0.011957739,0.25380853,0.73055387
data/ESC-50/audio_16k/3-137152-A-1.wav,rooster,bird,3,train,0.97939,0.018122103,0.0008646243,0.0016232796
data/ESC-50/audio_16k/3-138114-A-22.wav,clapping,human,3,train,3.4969144e-06,0.9997018,0.0002723395,2.237667e-05
data/ESC-50/audio_16k/3-138212-A-45.wav,train,motor,3,train,3.1393265e-05,0.001399398,0.9950701,0.0034990914
data/ESC-50/audio_16k/3-140774-A-10.wav,rain,nature,3,train,0.003968985,0.014648048,0.77266043,0.20872246
data/ESC-50/audio_16k/3-141240-A-44.wav,engine,motor,3,train,0.0001721186,0.001041887,0.99684024,0.0019457991
data/ESC-50/audio_16k/3-141240-B-44.wav,engine,motor,3,train,0.0015194435,0.03118229,0.961931,0.0053673275
data/ESC-50/audio_16k/3-141559-A-45.wav,train,motor,3,train,5.3224212e-05,0.001440696,0.9956667,0.002839333
data/ESC-50/audio_16k/3-141684-A-21.wav,sneezing,human,3,train,0.0055367006,0.9934532,0.00017361973,0.0008364522
data/ESC-50/audio_16k/3-142005-A-10.wav,rain,nature,3,train,0.01506614,0.004357872,0.03508361,0.9454924
data/ESC-50/audio_16k/3-142006-A-10.wav,rain,nature,3,train,0.00050600595,0.0034687934,0.02596123,0.9700639
data/ESC-50/audio_16k/3-142601-A-21.wav,sneezing,human,3,train,0.0013649558,0.99805266,0.0002944789,0.00028786057
data/ESC-50/audio_16k/3-142604-A-24.wav,coughing,human,3,train,7.617929e-05,0.9999217,1.2212345e-06,9.132854e-07
data/ESC-50/audio_16k/3-142605-A-21.wav,sneezing,human,3,train,0.001829141,0.99613917,0.0008275444,0.0012041682
data/ESC-50/audio_16k/3-143119-A-21.wav,sneezing,human,3,train,0.00041913008,0.9995272,5.6381323e-06,4.8021997e-05
data/ESC-50/audio_16k/3-143929-A-10.wav,rain,nature,3,train,0.00030243926,0.0072229425,0.17852269,0.8139519
data/ESC-50/audio_16k/3-144128-A-23.wav,breathing,human,3,train,0.0016496932,0.9784052,0.012699367,0.0072457483
data/ESC-50/audio_16k/3-144128-B-23.wav,breathing,human,3,train,0.0014477555,0.99502856,0.0012704917,0.002253192
data/ESC-50/audio_16k/3-144692-A-21.wav,sneezing,human,3,train,0.016209947,0.9546923,0.01217883,0.016918838
data/ESC-50/audio_16k/3-144827-A-11.wav,sea_waves,nature,3,train,0.0001073762,0.002538434,0.49944693,0.49790728
data/ESC-50/audio_16k/3-144827-B-11.wav,sea_waves,nature,3,train,0.00051826343,0.004194192,0.43438008,0.56090754
data/ESC-50/audio_16k/3-144891-A-19.wav,thunderstorm,nature,3,train,0.00020852027,0.004398181,0.0064917444,0.9889016
data/ESC-50/audio_16k/3-144891-B-19.wav,thunderstorm,nature,3,train,0.000118382435,0.010180985,0.113279484,0.8764212
data/ESC-50/audio_16k/3-145382-A-1.wav,rooster,bird,3,train,0.98485976,0.012815186,0.002319216,5.811757e-06
data/ESC-50/audio_16k/3-145487-A-24.wav,coughing,human,3,train,0.0005676579,0.99726295,0.0015182527,0.00065114774
data/ESC-50/audio_16k/3-146033-A-13.wav,crickets,nature,3,train,0.031501785,0.013412741,0.009882817,0.9452027
data/ESC-50/audio_16k/3-146186-A-44.wav,engine,motor,3,train,9.485397e-05,0.0023672953,0.99489045,0.0026474632
data/ESC-50/audio_16k/3-146873-A-24.wav,coughing,human,3,train,9.5915435e-05,0.9999038,3.5139315e-08,2.756499e-07
data/ESC-50/audio_16k/3-148330-A-21.wav,sneezing,human,3,train,0.00010121597,0.9998777,5.6080626e-06,1.5507947e-05
data/ESC-50/audio_16k/3-149042-A-24.wav,coughing,human,3,train,6.706268e-05,0.9999327,7.095453e-09,1.6149328e-07
data/ESC-50/audio_16k/3-149189-A-1.wav,rooster,bird,3,train,0.9998457,0.00012179854,3.24869e-05,3.6721875e-08
data/ESC-50/audio_16k/3-149465-A-22.wav,clapping,human,3,train,0.0058974153,0.9583646,0.0282755,0.007462406
data/ESC-50/audio_16k/3-150231-A-21.wav,sneezing,human,3,train,1.0128365e-05,0.99998975,3.1334785e-12,3.991783e-08
data/ESC-50/audio_16k/3-150979-A-40.wav,helicopter,motor,3,train,0.0016566318,0.00305116,0.47641614,0.5188761
data/ESC-50/audio_16k/3-150979-B-40.wav,helicopter,motor,3,train,0.0005952917,0.0006652886,0.9881149,0.01062455
data/ESC-50/audio_16k/3-150979-C-40.wav,helicopter,motor,3,train,0.00019122947,0.0017587586,0.94785416,0.05019582
data/ESC-50/audio_16k/3-151080-A-20.wav,crying_baby,human,3,train,0.0009032022,0.9990955,4.7576933e-07,8.144004e-07
data/ESC-50/audio_16k/3-151081-A-20.wav,crying_baby,human,3,train,0.0023579618,0.99763006,5.7379893e-06,6.2066615e-06
data/ESC-50/audio_16k/3-151081-B-20.wav,crying_baby,human,3,train,0.052958768,0.94636637,0.00040187727,0.00027302053
data/ESC-50/audio_16k/3-151206-A-23.wav,breathing,human,3,train,0.0002819216,0.9995115,1.357e-05,0.00019299745
data/ESC-50/audio_16k/3-151212-A-24.wav,coughing,human,3,train,0.0014043367,0.9985906,1.6195119e-06,3.425157e-06
data/ESC-50/audio_16k/3-151213-A-24.wav,coughing,human,3,train,0.0020168498,0.9979784,3.6056878e-07,4.3570312e-06
data/ESC-50/audio_16k/3-152007-A-20.wav,crying_baby,human,3,train,0.03858729,0.76521426,0.19596265,0.00023572243
data/ESC-50/audio_16k/3-152007-B-20.wav,crying_baby,human,3,train,6.647592e-05,0.99952334,0.00035356337,5.6673372e-05
data/ESC-50/audio_16k/3-152007-C-20.wav,crying_baby,human,3,train,0.0005494935,0.9625688,0.036342427,0.0005392993
data/ESC-50/audio_16k/3-152007-D-20.wav,crying_baby,human,3,train,0.15843521,0.83894336,0.0025678833,5.3628835e-05
data/ESC-50/audio_16k/3-152007-E-20.wav,crying_baby,human,3,train,8.294034e-06,0.99985707,0.00012858736,6.029295e-06
data/ESC-50/audio_16k/3-152912-A-26.wav,laughing,human,3,train,0.0003712609,0.98101,0.016796308,0.0018224495
data/ESC-50/audio_16k/3-152997-A-26.wav,laughing,human,3,train,0.00073815853,0.9888196,0.008576193,0.0018659579
data/ESC-50/audio_16k/3-154758-A-44.wav,engine,motor,3,train,0.00017674618,0.0019246192,0.9922734,0.005625194
data/ESC-50/audio_16k/3-154926-A-40.wav,helicopter,motor,3,train,0.00023233812,0.00502309,0.97403026,0.020714309
data/ESC-50/audio_16k/3-154926-B-40.wav,helicopter,motor,3,train,1.4307157e-05,0.0015531982,0.9959727,0.002459753
data/ESC-50/audio_16k/3-154957-A-1.wav,rooster,bird,3,train,0.86438656,0.12931299,0.0007458695,0.0055545582
data/ESC-50/audio_16k/3-155577-A-14.wav,chirping_birds,bird,3,train,0.931548,0.0010609314,0.0015485729,0.0658425
data/ESC-50/audio_16k/3-155578-A-14.wav,chirping_birds,bird,3,train,0.9744252,0.0019389307,0.00096111634,0.022674767
data/ESC-50/audio_16k/3-155579-A-14.wav,chirping_birds,bird,3,train,0.9995441,0.000115818126,8.349382e-06,0.00033173096
data/ESC-50/audio_16k/3-155583-A-14.wav,chirping_birds,bird,3,train,0.9191647,0.005133145,0.017804997,0.057897132
data/ESC-50/audio_16k/3-155584-A-14.wav,chirping_birds,bird,3,train,0.9692748,0.010473141,0.0028155865,0.017436428
data/ESC-50/audio_16k/3-155642-A-11.wav,sea_waves,nature,3,train,0.000118660646,0.0029745135,0.068381496,0.9285253
data/ESC-50/audio_16k/3-155642-B-11.wav,sea_waves,nature,3,train,8.996595e-06,0.0023795662,0.055993654,0.9416178
data/ESC-50/audio_16k/3-155766-A-13.wav,crickets,nature,3,train,0.019342558,0.017809987,0.026061447,0.936786
data/ESC-50/audio_16k/3-156558-A-21.wav,sneezing,human,3,train,0.0013026958,0.9980152,0.00036435353,0.00031773958
data/ESC-50/audio_16k/3-156581-A-14.wav,chirping_birds,bird,3,train,0.8429485,0.0009225688,0.0020245886,0.15410429
data/ESC-50/audio_16k/3-156581-B-14.wav,chirping_birds,bird,3,train,0.8329919,0.00065801275,0.007927318,0.15842284
data/ESC-50/audio_16k/3-157149-A-10.wav,rain,nature,3,train,1.2207676e-05,0.0017044394,0.0008137947,0.99746954
data/ESC-50/audio_16k/3-157487-A-10.wav,rain,nature,3,train,0.00052110443,0.0024433709,0.21312977,0.78390574
data/ESC-50/audio_16k/3-157492-A-45.wav,train,motor,3,train,0.00064017816,0.0053005754,0.99175143,0.00230782
data/ESC-50/audio_16k/3-157615-A-10.wav,rain,nature,3,train,2.6496033e-05,0.0023848135,0.004009831,0.9935789
data/ESC-50/audio_16k/3-159445-A-45.wav,train,motor,3,train,2.1214933e-05,0.02162663,0.9758122,0.0025400182
data/ESC-50/audio_16k/3-159445-B-45.wav,train,motor,3,train,0.00017027951,0.009916298,0.98334754,0.0065659164
data/ESC-50/audio_16k/3-162786-A-13.wav,crickets,nature,3,train,0.25784975,0.02261603,0.053160492,0.6663737
data/ESC-50/audio_16k/3-163288-A-1.wav,rooster,bird,3,train,0.9709508,0.0066268947,0.022074549,0.0003477626
data/ESC-50/audio_16k/3-163607-A-13.wav,crickets,nature,3,train,0.03814814,0.03383205,0.2228901,0.7051297
data/ESC-50/audio_16k/3-163607-B-13.wav,crickets,nature,3,train,0.23562147,0.05663836,0.1389751,0.56876504
data/ESC-50/audio_16k/3-164120-A-11.wav,sea_waves,nature,3,train,7.140728e-05,0.0031707576,0.6654652,0.33129266
data/ESC-50/audio_16k/3-164216-A-6.wav,hen,bird,3,train,0.91321874,0.08673718,3.6255627e-05,7.844785e-06
data/ESC-50/audio_16k/3-164216-B-6.wav,hen,bird,3,train,0.9935509,0.0018257352,0.0046132426,1.0181417e-05
data/ESC-50/audio_16k/3-164216-C-6.wav,hen,bird,3,train,0.9882903,0.01163682,5.2878007e-05,1.9953468e-05
data/ESC-50/audio_16k/3-164630-A-11.wav,sea_waves,nature,3,train,0.0014110411,0.0036137346,0.3236451,0.6713301
data/ESC-50/audio_16k/3-165856-A-41.wav,chainsaw,motor,3,train,0.0011249492,0.074296266,0.9149182,0.009660678
data/ESC-50/audio_16k/3-166125-A-23.wav,breathing,human,3,train,0.0018323859,0.9971827,0.0004951978,0.00048962724
data/ESC-50/audio_16k/3-166125-B-23.wav,breathing,human,3,train,0.0046411618,0.9943485,0.00042796525,0.0005823616
data/ESC-50/audio_16k/3-166422-A-11.wav,sea_waves,nature,3,train,3.920536e-05,0.0065131104,0.066634096,0.9268136
data/ESC-50/audio_16k/3-171281-A-6.wav,hen,bird,3,train,0.99966913,0.0002527656,7.183458e-05,6.296156e-06
data/ESC-50/audio_16k/3-177082-A-22.wav,clapping,human,3,train,0.00051318743,0.9341726,0.04544869,0.019865522
data/ESC-50/audio_16k/3-177083-A-22.wav,clapping,human,3,train,0.006799911,0.93795866,0.041744538,0.013496797
data/ESC-50/audio_16k/3-178096-A-6.wav,hen,bird,3,train,0.92065495,0.00632061,0.07292062,0.00010375439
data/ESC-50/audio_16k/3-181132-A-14.wav,chirping_birds,bird,3,train,0.9588443,0.009255692,0.0017434224,0.03015656
data/ESC-50/audio_16k/3-181278-A-22.wav,clapping,human,3,train,0.028660785,0.96616906,0.0026576421,0.0025124447
data/ESC-50/audio_16k/3-187549-A-6.wav,hen,bird,3,train,0.97141886,0.006842733,0.008808217,0.012930234
data/ESC-50/audio_16k/3-187549-B-6.wav,hen,bird,3,train,0.937446,0.024562387,0.01510481,0.022886787
data/ESC-50/audio_16k/3-187710-A-11.wav,sea_waves,nature,3,train,0.0012084346,0.02341474,0.15193532,0.8234415
data/ESC-50/audio_16k/3-188390-A-6.wav,hen,bird,3,train,0.98675585,0.0074337814,0.00064743665,0.005162949
data/ESC-50/audio_16k/3-197435-A-22.wav,clapping,human,3,train,0.0025868472,0.9943835,0.0016609875,0.0013686712
data/ESC-50/audio_16k/3-197435-B-22.wav,clapping,human,3,train,0.00075652474,0.9944165,0.0034152737,0.0014117879
data/ESC-50/audio_16k/3-246513-A-16.wav,wind,nature,3,train,0.0017059126,0.0093046175,0.688498,0.3004915
data/ESC-50/audio_16k/3-246513-B-16.wav,wind,nature,3,train,0.013714037,0.01702917,0.33503672,0.63422006
data/ESC-50/audio_16k/3-259622-A-44.wav,engine,motor,3,train,1.4840942e-05,0.0017806324,0.997639,0.0005655138
data/ESC-50/audio_16k/3-51376-A-42.wav,siren,motor,3,train,7.0207165e-08,9.764757e-05,0.9998883,1.4002718e-05
data/ESC-50/audio_16k/3-51731-A-42.wav,siren,motor,3,train,9.107527e-06,0.0006541877,0.9945853,0.0047513964
data/ESC-50/audio_16k/3-51731-B-42.wav,siren,motor,3,train,1.4049476e-09,7.420204e-05,0.99988234,4.3493583e-05
data/ESC-50/audio_16k/3-51909-A-42.wav,siren,motor,3,train,1.3097679e-06,0.0020661582,0.9977343,0.0001981856
data/ESC-50/audio_16k/3-51909-B-42.wav,siren,motor,3,train,1.1491214e-05,0.0039156685,0.99530405,0.00076877966
data/ESC-50/audio_16k/3-58772-A-42.wav,siren,motor,3,train,0.00010996699,0.009346182,0.9903798,0.00016403309
data/ESC-50/audio_16k/3-62878-A-42.wav,siren,motor,3,train,1.8846591e-06,0.0003775258,0.9996162,4.3989426e-06
data/ESC-50/audio_16k/3-62878-B-42.wav,siren,motor,3,train,1.0340414e-06,0.00033223216,0.99965584,1.0852238e-05
data/ESC-50/audio_16k/3-68630-A-40.wav,helicopter,motor,3,train,6.496427e-05,0.002879067,0.98954,0.007516015
data/ESC-50/audio_16k/3-68630-B-40.wav,helicopter,motor,3,train,0.00051354204,0.00996635,0.9776693,0.011850836
data/ESC-50/audio_16k/3-68630-C-40.wav,helicopter,motor,3,train,0.00010783642,0.0054627336,0.9874533,0.006976129
data/ESC-50/audio_16k/4-102871-A-42.wav,siren,motor,4,train,2.8874483e-08,0.00022638169,0.9992674,0.0005062232
data/ESC-50/audio_16k/4-111671-A-42.wav,siren,motor,4,train,0.0018139859,0.0015765498,0.99649155,0.00011786808
data/ESC-50/audio_16k/4-111671-B-42.wav,siren,motor,4,train,2.120395e-06,0.0007014463,0.99928254,1.3885974e-05
data/ESC-50/audio_16k/4-121532-A-42.wav,siren,motor,4,train,7.568568e-06,0.00026300954,0.99972415,5.182962e-06
data/ESC-50/audio_16k/4-125070-A-19.wav,thunderstorm,nature,4,train,0.022172049,0.039517015,0.32630908,0.6120019
data/ESC-50/audio_16k/4-125071-A-19.wav,thunderstorm,nature,4,train,0.005917484,0.01365802,0.05746119,0.92296326
data/ESC-50/audio_16k/4-125072-A-19.wav,thunderstorm,nature,4,train,0.005089076,0.01977564,0.110764526,0.86437076
data/ESC-50/audio_16k/4-125072-B-19.wav,thunderstorm,nature,4,train,0.0024705234,0.00700948,0.11866915,0.87185085
data/ESC-50/audio_16k/4-125929-A-40.wav,helicopter,motor,4,train,0.00042025477,0.005191884,0.97833467,0.016053144
data/ESC-50/audio_16k/4-130891-A-7.wav,insects,nature,4,train,0.008870221,0.03536454,0.018500177,0.9372651
data/ESC-50/audio_16k/4-132803-A-26.wav,laughing,human,4,train,0.0003918043,0.99953526,4.9424652e-05,2.3506873e-05
data/ESC-50/audio_16k/4-132810-A-26.wav,laughing,human,4,train,0.047436066,0.94760126,0.0047163204,0.0002462725
data/ESC-50/audio_16k/4-132816-A-26.wav,laughing,human,4,train,0.01467551,0.98490053,0.00038563198,3.83168e-05
data/ESC-50/audio_16k/4-133674-A-26.wav,laughing,human,4,train,0.028392764,0.8667094,0.0942945,0.0106033515
data/ESC-50/audio_16k/4-133895-A-7.wav,insects,nature,4,train,0.0001267587,0.99145406,0.00469562,0.0037234894
data/ESC-50/audio_16k/4-136381-A-9.wav,crow,bird,4,train,0.90416104,0.050473675,0.038443808,0.0069213836
data/ESC-50/audio_16k/4-138344-A-9.wav,crow,bird,4,train,0.9824038,0.0023511986,0.0010901775,0.0141547825
data/ESC-50/audio_16k/4-143118-A-7.wav,insects,nature,4,train,0.0038224694,0.41403106,0.30620506,0.27594143
data/ESC-50/audio_16k/4-143118-B-7.wav,insects,nature,4,train,0.004717041,0.08624839,0.3619159,0.5471187
data/ESC-50/audio_16k/4-144083-A-16.wav,wind,nature,4,train,0.00041717995,0.020771118,0.78619677,0.19261499
data/ESC-50/audio_16k/4-144083-B-16.wav,wind,nature,4,train,0.019193064,0.0059102895,0.8477739,0.12712267
data/ESC-50/audio_16k/4-144083-C-16.wav,wind,nature,4,train,0.0034193685,0.0058622183,0.9267818,0.06393664
data/ESC-50/audio_16k/4-144085-A-16.wav,wind,nature,4,train,0.00035464446,0.0010603053,0.9896872,0.00889787
data/ESC-50/audio_16k/4-145081-A-9.wav,crow,bird,4,train,0.9874147,0.003369966,0.0085938675,0.0006214569
data/ESC-50/audio_16k/4-149294-A-41.wav,chainsaw,motor,4,train,0.00052877597,0.03410463,0.9457453,0.0196213
data/ESC-50/audio_16k/4-149294-B-41.wav,chainsaw,motor,4,train,0.0008987034,0.16001382,0.8084815,0.030605946
data/ESC-50/audio_16k/4-152995-A-24.wav,coughing,human,4,train,3.9257957e-06,0.9999956,4.4786984e-07,5.1811288e-08
data/ESC-50/audio_16k/4-154443-A-24.wav,coughing,human,4,train,7.718781e-05,0.9995885,0.0002236457,0.000110583795
data/ESC-50/audio_16k/4-155650-A-24.wav,coughing,human,4,train,8.783641e-05,0.99946105,0.00041117356,3.9944498e-05
data/ESC-50/audio_16k/4-155650-B-24.wav,coughing,human,4,train,0.007846612,0.85834986,0.09510752,0.038696133
data/ESC-50/audio_16k/4-155670-A-26.wav,laughing,human,4,train,0.0005618295,0.9949005,0.0032730426,0.0012645789
data/ESC-50/audio_16k/4-156227-A-9.wav,crow,bird,4,train,0.889032,0.0037266638,0.06874876,0.0384925
data/ESC-50/audio_16k/4-156843-A-21.wav,sneezing,human,4,train,0.004444173,0.99545753,3.0379855e-05,6.78609e-05
data/ESC-50/audio_16k/4-156844-A-21.wav,sneezing,human,4,train,0.0018280984,0.9978294,0.00013834621,0.00020417351
data/ESC-50/audio_16k/4-156993-A-19.wav,thunderstorm,nature,4,train,0.0005499144,0.014520438,0.07732331,0.90760636
data/ESC-50/audio_16k/4-157296-A-24.wav,coughing,human,4,train,0.002263311,0.9967677,0.00083651894,0.00013245802
data/ESC-50/audio_16k/4-157297-A-21.wav,sneezing,human,4,train,0.0006985307,0.9986206,6.2464926e-05,0.00061842805
data/ESC-50/audio_16k/4-157611-A-41.wav,chainsaw,motor,4,train,5.4724493e-05,0.0032471686,0.98874235,0.0079557635
data/ESC-50/audio_16k/4-157611-B-41.wav,chainsaw,motor,4,train,0.00052387133,0.008183107,0.9462809,0.045012098
data/ESC-50/audio_16k/4-159426-A-9.wav,crow,bird,4,train,0.945533,0.03920524,0.01231354,0.0029482672
data/ESC-50/audio_16k/4-159609-A-14.wav,chirping_birds,bird,4,train,0.8731163,0.01069696,0.013695222,0.10249148
data/ESC-50/audio_16k/4-159609-B-14.wav,chirping_birds,bird,4,train,0.952438,0.01455273,0.005894864,0.027114375
data/ESC-50/audio_16k/4-160999-A-10.wav,rain,nature,4,train,0.0032419541,0.007428442,0.5244923,0.46483725
data/ESC-50/audio_16k/4-161127-A-10.wav,rain,nature,4,train,0.00014450843,0.015267165,0.06859781,0.91599053
data/ESC-50/audio_16k/4-161519-A-19.wav,thunderstorm,nature,4,train,0.00021241758,0.0028919324,0.00048736858,0.9964083
data/ESC-50/audio_16k/4-161579-A-40.wav,helicopter,motor,4,train,0.00091053,0.00432281,0.9710599,0.02370678
data/ESC-50/audio_16k/4-161579-B-40.wav,helicopter,motor,4,train,5.3497068e-05,0.0002749309,0.99579865,0.0038729587
data/ESC-50/audio_16k/4-163264-A-10.wav,rain,nature,4,train,0.0005418159,0.004308576,0.02431639,0.97083324
data/ESC-50/audio_16k/4-163606-A-16.wav,wind,nature,4,train,0.011253782,0.0059193023,0.94667584,0.036151063
data/ESC-50/audio_16k/4-163608-B-16.wav,wind,nature,4,train,0.0043189116,0.014231006,0.19432063,0.7871294
data/ESC-50/audio_16k/4-163609-A-16.wav,wind,nature,4,train,0.00034759135,0.014693642,0.9271738,0.05778496
data/ESC-50/audio_16k/4-163609-B-16.wav,wind,nature,4,train,0.00047229973,0.015827205,0.64717597,0.33652455
data/ESC-50/audio_16k/4-163697-A-13.wav,crickets,nature,4,train,0.47094244,0.0072246823,0.0008625722,0.52097034
data/ESC-50/audio_16k/4-164021-A-1.wav,rooster,bird,4,train,0.99906003,0.0009064865,3.2353175e-05,1.0604763e-06
data/ESC-50/audio_16k/4-164064-A-1.wav,rooster,bird,4,train,0.9919302,0.007043622,0.00065525726,0.00037090314
data/ESC-50/audio_16k/4-164064-B-1.wav,rooster,bird,4,train,0.99984694,0.00014876782,4.198019e-06,6.206413e-08
data/ESC-50/audio_16k/4-164064-C-1.wav,rooster,bird,4,train,0.99968106,0.00028908282,2.9710483e-05,1.563027e-07
data/ESC-50/audio_16k/4-164206-A-10.wav,rain,nature,4,train,0.0008675059,0.00842399,0.08534893,0.90535957
data/ESC-50/audio_16k/4-164243-A-26.wav,laughing,human,4,train,0.0056820842,0.99050933,0.003075289,0.00073319586
data/ESC-50/audio_16k/4-164859-A-1.wav,rooster,bird,4,train,0.99106866,0.002918727,0.006000694,1.1924402e-05
data/ESC-50/audio_16k/4-165606-A-45.wav,train,motor,4,train,0.0005398444,0.2672674,0.72775924,0.0044335346
data/ESC-50/audio_16k/4-165791-A-45.wav,train,motor,4,train,0.001512512,0.0026004752,0.9474918,0.048395213
data/ESC-50/audio_16k/4-165791-B-45.wav,train,motor,4,train,0.024305187,0.0028950516,0.88977486,0.08302497
data/ESC-50/audio_16k/4-165813-A-19.wav,thunderstorm,nature,4,train,0.0074399565,0.021703739,0.21861784,0.7522384
data/ESC-50/audio_16k/4-165813-B-19.wav,thunderstorm,nature,4,train,0.07851978,0.15456435,0.080788724,0.6861272
data/ESC-50/audio_16k/4-165823-A-41.wav,chainsaw,motor,4,train,8.595242e-06,0.0069617364,0.9929295,0.00010012452
data/ESC-50/audio_16k/4-165823-B-41.wav,chainsaw,motor,4,train,5.3860826e-06,0.0049998667,0.9945658,0.00042899605
data/ESC-50/audio_16k/4-165845-A-45.wav,train,motor,4,train,0.049502276,0.047889236,0.89338785,0.009220635
data/ESC-50/audio_16k/4-165845-B-45.wav,train,motor,4,train,2.0583959e-05,0.022366162,0.976833,0.0007802935
data/ESC-50/audio_16k/4-165933-A-45.wav,train,motor,4,train,0.0015727413,0.26405123,0.72746116,0.00691494
data/ESC-50/audio_16k/4-166661-A-10.wav,rain,nature,4,train,0.00050144235,0.009031731,0.07164994,0.9188169
data/ESC-50/audio_16k/4-167063-A-11.wav,sea_waves,nature,4,train,0.00023096293,0.0027666327,0.14103425,0.8559682
data/ESC-50/audio_16k/4-167063-B-11.wav,sea_waves,nature,4,train,1.7255257e-05,0.0065187463,0.10484427,0.8886197
data/ESC-50/audio_16k/4-167063-C-11.wav,sea_waves,nature,4,train,0.00026424712,0.002198564,0.056651432,0.9408858
data/ESC-50/audio_16k/4-167077-A-20.wav,crying_baby,human,4,train,0.00012068849,0.99985284,5.2534193e-07,2.5917467e-05
data/ESC-50/audio_16k/4-167077-B-20.wav,crying_baby,human,4,train,0.0001514071,0.9997811,8.359617e-06,5.9098682e-05
data/ESC-50/audio_16k/4-167077-C-20.wav,crying_baby,human,4,train,0.0008249862,0.99890083,2.0802681e-05,0.00025332335
data/ESC-50/audio_16k/4-167571-A-26.wav,laughing,human,4,train,0.0025062666,0.9522827,0.041551594,0.003659382
data/ESC-50/audio_16k/4-167642-A-21.wav,sneezing,human,4,train,0.0002723002,0.9995729,4.5795332e-05,0.0001090082
data/ESC-50/audio_16k/4-168446-A-45.wav,train,motor,4,train,5.9481237e-05,0.001899099,0.98928374,0.008757611
data/ESC-50/audio_16k/4-169127-A-41.wav,chainsaw,motor,4,train,0.0013789592,0.018287256,0.9774398,0.0028938993
data/ESC-50/audio_16k/4-169127-B-41.wav,chainsaw,motor,4,train,1.6326909e-05,0.0035676716,0.9961496,0.00026639336
data/ESC-50/audio_16k/4-169726-A-24.wav,coughing,human,4,train,0.0007117307,0.997178,0.00024205542,0.0018682133
data/ESC-50/audio_16k/4-170078-A-1.wav,rooster,bird,4,train,0.99043787,0.008083594,0.0011999762,0.00027857473
data/ESC-50/audio_16k/4-171396-A-24.wav,coughing,human,4,train,9.8868826e-05,0.99988896,6.6666757e-06,5.4755938e-06
data/ESC-50/audio_16k/4-171519-A-21.wav,sneezing,human,4,train,0.002723573,0.9819184,0.0031947677,0.012163305
data/ESC-50/audio_16k/4-171652-A-44.wav,engine,motor,4,train,3.324669e-08,0.0007555448,0.998941,0.00030343415
data/ESC-50/audio_16k/4-171706-A-23.wav,breathing,human,4,train,0.010900955,0.9661866,0.019224804,0.003687679
data/ESC-50/audio_16k/4-171823-A-13.wav,crickets,nature,4,train,0.74136573,0.021731121,0.03653919,0.20036401
data/ESC-50/audio_16k/4-172143-A-13.wav,crickets,nature,4,train,0.7312576,0.00070236396,0.006769453,0.26127058
data/ESC-50/audio_16k/4-173865-A-9.wav,crow,bird,4,train,0.995114,0.0047628754,0.00011159085,1.1481608e-05
data/ESC-50/audio_16k/4-173865-B-9.wav,crow,bird,4,train,0.9807742,0.001473162,0.0006130704,0.017139582
data/ESC-50/audio_16k/4-175000-A-40.wav,helicopter,motor,4,train,9.9288394e-05,0.002625514,0.98314834,0.014126888
data/ESC-50/audio_16k/4-175000-B-40.wav,helicopter,motor,4,train,0.0011429224,0.018558044,0.9694269,0.01087227
data/ESC-50/audio_16k/4-175000-C-40.wav,helicopter,motor,4,train,0.00021144669,0.0054080854,0.96922034,0.025160126
data/ESC-50/audio_16k/4-176914-A-23.wav,breathing,human,4,train,0.0046534627,0.994343,0.00062993006,0.00037367217
data/ESC-50/audio_16k/4-177250-A-10.wav,rain,nature,4,train,0.0002291095,0.007699284,0.06670708,0.92536455
data/ESC-50/audio_16k/4-177835-A-24.wav,coughing,human,4,train,0.0001541006,0.9997893,1.4637371e-05,4.199263e-05
data/ESC-50/audio_16k/4-178881-A-45.wav,train,motor,4,train,0.0034411838,0.0016740962,0.98608357,0.0088011585
data/ESC-50/audio_16k/4-180380-A-10.wav,rain,nature,4,train,0.003574766,0.0055294028,0.081568934,0.9093269
data/ESC-50/audio_16k/4-181286-A-10.wav,rain,nature,4,train,0.00076624495,0.0024675638,0.0036721644,0.993094
data/ESC-50/audio_16k/4-181362-A-13.wav,crickets,nature,4,train,0.098564394,0.036794923,0.07284944,0.79179126
data/ESC-50/audio_16k/4-181599-A-26.wav,laughing,human,4,train,0.008825487,0.9874505,0.0031136433,0.0006103243
data/ESC-50/audio_16k/4-182314-A-7.wav,insects,nature,4,train,0.03268885,0.14484638,0.030880816,0.7915839
data/ESC-50/audio_16k/4-182314-B-7.wav,insects,nature,4,train,0.018028941,0.08614411,0.07886446,0.81696254
data/ESC-50/audio_16k/4-182613-A-11.wav,sea_waves,nature,4,train,1.1081107e-07,0.0012225246,0.019601472,0.9791759
data/ESC-50/audio_16k/4-182613-B-11.wav,sea_waves,nature,4,train,3.4695213e-06,0.0021821265,0.01611625,0.98169816
data/ESC-50/audio_16k/4-182795-A-14.wav,chirping_birds,bird,4,train,0.9257803,0.0037946042,0.01146626,0.058958735
data/ESC-50/audio_16k/4-183487-A-1.wav,rooster,bird,4,train,0.96119785,0.038742647,4.290883e-05,1.6564203e-05
data/ESC-50/audio_16k/4-184434-A-21.wav,sneezing,human,4,train,0.0015118929,0.9979912,0.00016744925,0.00032945466
data/ESC-50/audio_16k/4-185415-A-21.wav,sneezing,human,4,train,5.287532e-05,0.9997589,0.00018037508,7.774607e-06
data/ESC-50/audio_16k/4-185575-A-20.wav,crying_baby,human,4,train,0.0007338654,0.9989361,3.886142e-05,0.0002912728
data/ESC-50/audio_16k/4-185575-B-20.wav,crying_baby,human,4,train,0.00063066435,0.99889123,4.5471585e-05,0.00043258557
data/ESC-50/audio_16k/4-185575-C-20.wav,crying_baby,human,4,train,0.00034986887,0.99908525,8.791172e-05,0.00047701318
data/ESC-50/audio_16k/4-185619-A-21.wav,sneezing,human,4,train,0.0017615842,0.997878,3.9415838e-05,0.0003209994
data/ESC-50/audio_16k/4-186935-A-44.wav,engine,motor,4,train,0.0006552049,0.016549975,0.97187734,0.010917428
data/ESC-50/audio_16k/4-186936-A-44.wav,engine,motor,4,train,6.768007e-06,0.0005695621,0.9982676,0.0011560702
data/ESC-50/audio_16k/4-186938-A-44.wav,engine,motor,4,train,0.0001564343,0.002485857,0.9922313,0.0051264297
data/ESC-50/audio_16k/4-186940-A-44.wav,engine,motor,4,train,4.9383976e-05,0.0015852909,0.997982,0.00038324035
data/ESC-50/audio_16k/4-186962-A-44.wav,engine,motor,4,train,0.0006131859,0.0047663106,0.97308475,0.021535734
data/ESC-50/audio_16k/4-187769-A-14.wav,chirping_birds,bird,4,train,0.818646,0.02353375,0.124640904,0.033179354
data/ESC-50/audio_16k/4-187769-B-14.wav,chirping_birds,bird,4,train,0.9998389,3.1358646e-05,3.944842e-06,0.00012583954
data/ESC-50/audio_16k/4-188287-A-9.wav,crow,bird,4,train,0.9915019,0.008148211,8.300513e-05,0.00026681158
data/ESC-50/audio_16k/4-189828-A-22.wav,clapping,human,4,train,4.6169293e-06,0.99440086,0.0031062053,0.0024883316
data/ESC-50/audio_16k/4-189830-A-22.wav,clapping,human,4,train,8.8166074e-05,0.99825025,0.0013339308,0.00032764743
data/ESC-50/audio_16k/4-189832-A-22.wav,clapping,human,4,train,0.0001403047,0.94519085,0.0016351544,0.053033747
data/ESC-50/audio_16k/4-189832-B-22.wav,clapping,human,4,train,5.530408e-05,0.9643344,0.0005940975,0.035016123
data/ESC-50/audio_16k/4-189833-A-22.wav,clapping,human,4,train,1.965276e-05,0.98469156,0.0008292566,0.014459535
data/ESC-50/audio_16k/4-189836-A-22.wav,clapping,human,4,train,3.5044108e-05,0.99902296,0.00018944043,0.00075250014
data/ESC-50/audio_16k/4-189838-A-22.wav,clapping,human,4,train,0.00041797853,0.58133477,0.010353832,0.4078934
data/ESC-50/audio_16k/4-191246-A-7.wav,insects,nature,4,train,0.043790955,0.08091774,0.049740963,0.8255503
data/ESC-50/audio_16k/4-191246-B-7.wav,insects,nature,4,train,0.023276119,0.45051196,0.10378785,0.4224241
data/ESC-50/audio_16k/4-193480-A-40.wav,helicopter,motor,4,train,7.82647e-05,0.0038597272,0.98905504,0.00700696
data/ESC-50/audio_16k/4-193480-B-40.wav,helicopter,motor,4,train,6.4569336e-05,0.000792819,0.99184483,0.0072978134
data/ESC-50/audio_16k/4-194246-A-13.wav,crickets,nature,4,train,0.1984232,0.04538248,0.39565566,0.36053863
data/ESC-50/audio_16k/4-195451-A-44.wav,engine,motor,4,train,1.2833841e-06,0.0026679223,0.9969133,0.00041755798
data/ESC-50/audio_16k/4-195497-A-11.wav,sea_waves,nature,4,train,0.00026383443,0.0032550157,0.22429775,0.7721834
data/ESC-50/audio_16k/4-195497-B-11.wav,sea_waves,nature,4,train,0.0024902308,0.008178141,0.05600585,0.9333257
data/ESC-50/audio_16k/4-195707-A-13.wav,crickets,nature,4,train,0.042198595,0.0011887107,0.0004983015,0.9561144
data/ESC-50/audio_16k/4-195805-A-13.wav,crickets,nature,4,train,0.06684347,0.015724123,0.7052335,0.2121989
data/ESC-50/audio_16k/4-197103-A-6.wav,hen,bird,4,train,0.95216995,0.04642631,0.00085661665,0.0005471677
data/ESC-50/audio_16k/4-198025-A-23.wav,breathing,human,4,train,0.008994944,0.9486565,0.016212296,0.026136275
data/ESC-50/audio_16k/4-200330-A-6.wav,hen,bird,4,train,0.99072903,0.008034005,0.0011012619,0.00013570019
data/ESC-50/audio_16k/4-200330-B-6.wav,hen,bird,4,train,0.9248847,0.053791903,0.012392833,0.00893059
data/ESC-50/audio_16k/4-201988-A-44.wav,engine,motor,4,train,0.0012436562,0.004920053,0.84282744,0.15100887
data/ESC-50/audio_16k/4-202749-A-13.wav,crickets,nature,4,train,0.16377193,0.004088592,0.0075256056,0.82461387
data/ESC-50/audio_16k/4-204618-A-11.wav,sea_waves,nature,4,train,0.00035058858,0.11861762,0.09683795,0.7841938
data/ESC-50/audio_16k/4-204830-A-6.wav,hen,bird,4,train,0.99431425,0.004004083,0.00076829153,0.0009133288
data/ESC-50/audio_16k/4-205526-A-23.wav,breathing,human,4,train,0.012352194,0.8385913,0.11198462,0.03707193
data/ESC-50/audio_16k/4-205526-B-23.wav,breathing,human,4,train,0.008148102,0.90810764,0.037667196,0.0460771
data/ESC-50/audio_16k/4-205738-A-22.wav,clapping,human,4,train,0.000121001154,0.9561321,0.043426257,0.00032066196
data/ESC-50/audio_16k/4-207116-A-23.wav,breathing,human,4,train,0.008634712,0.49622354,0.46659237,0.028549416
data/ESC-50/audio_16k/4-208021-A-1.wav,rooster,bird,4,train,0.6069679,0.34183714,0.0511372,5.768206e-05
data/ESC-50/audio_16k/4-210000-A-23.wav,breathing,human,4,train,0.0015051855,0.9976923,0.00024032095,0.0005622055
data/ESC-50/audio_16k/4-210000-B-23.wav,breathing,human,4,train,0.0024100486,0.99295944,0.0028120782,0.0018183574
data/ESC-50/audio_16k/4-216211-A-14.wav,chirping_birds,bird,4,train,0.9927707,0.005294769,0.00037026757,0.0015643098
data/ESC-50/audio_16k/4-223125-A-14.wav,chirping_birds,bird,4,train,0.6607579,0.046279084,0.16512264,0.12784038
data/ESC-50/audio_16k/4-223127-A-14.wav,chirping_birds,bird,4,train,0.89914525,0.0015790379,0.0064695664,0.092806146
data/ESC-50/audio_16k/4-232495-A-6.wav,hen,bird,4,train,0.80065703,0.19877495,0.0005121197,5.5935565e-05
data/ESC-50/audio_16k/4-234879-A-6.wav,hen,bird,4,train,0.63005877,0.3111971,0.04897452,0.009769747
data/ESC-50/audio_16k/4-244318-A-6.wav,hen,bird,4,train,0.9995912,0.00034240208,3.7532813e-05,2.8821629e-05
data/ESC-50/audio_16k/4-253649-A-6.wav,hen,bird,4,train,0.68296355,0.31155637,0.0009349712,0.004545124
data/ESC-50/audio_16k/4-59579-A-20.wav,crying_baby,human,4,train,0.20127356,0.79864013,6.9605834e-05,1.6640339e-05
data/ESC-50/audio_16k/4-59579-B-20.wav,crying_baby,human,4,train,3.491438e-06,0.9999921,7.6361204e-08,4.369589e-06
data/ESC-50/audio_16k/4-67358-A-42.wav,siren,motor,4,train,0.042725444,0.054534044,0.90236944,0.00037111645
data/ESC-50/audio_16k/4-80761-A-42.wav,siren,motor,4,train,1.8563762e-05,0.0010120702,0.99881315,0.00015614125
data/ESC-50/audio_16k/4-90014-A-42.wav,siren,motor,4,train,0.00010342504,0.021566527,0.9777805,0.00054954644
data/ESC-50/audio_16k/4-90014-B-42.wav,siren,motor,4,train,0.0005316266,0.015200589,0.97701514,0.007252672
data/ESC-50/audio_16k/5-117118-A-42.wav,siren,motor,5,val,1.2894211e-05,0.0020986677,0.9977717,0.00011679528
data/ESC-50/audio_16k/5-117120-A-42.wav,siren,motor,5,val,5.5167202e-05,0.000690761,0.9986016,0.0006524342
data/ESC-50/audio_16k/5-117122-A-42.wav,siren,motor,5,val,1.2759918e-05,0.0019184191,0.99779487,0.000273965
data/ESC-50/audio_16k/5-117773-A-16.wav,wind,nature,5,val,0.0027242876,0.0111207,0.726935,0.25921997
data/ESC-50/audio_16k/5-133989-A-42.wav,siren,motor,5,val,6.5629033e-06,0.0025825198,0.9971775,0.00023343384
data/ESC-50/audio_16k/5-133989-B-42.wav,siren,motor,5,val,0.00014081669,0.0024052502,0.9966475,0.0008064388
data/ESC-50/audio_16k/5-150409-A-42.wav,siren,motor,5,val,0.00013425518,0.0048709577,0.9904958,0.0044990038
data/ESC-50/audio_16k/5-151085-A-20.wav,crying_baby,human,5,val,0.006718045,0.9930466,9.0003836e-05,0.000145348
data/ESC-50/audio_16k/5-156999-A-19.wav,thunderstorm,nature,5,val,0.0028913687,0.011841847,0.103003785,0.882263
data/ESC-50/audio_16k/5-156999-B-19.wav,thunderstorm,nature,5,val,0.0009412525,0.019833352,0.021941623,0.95728374
data/ESC-50/audio_16k/5-156999-C-19.wav,thunderstorm,nature,5,val,8.299031e-05,0.009012989,0.009983743,0.98092026
data/ESC-50/audio_16k/5-156999-D-19.wav,thunderstorm,nature,5,val,0.00079274335,0.005552498,0.27183792,0.72181684
data/ESC-50/audio_16k/5-156999-E-19.wav,thunderstorm,nature,5,val,7.281788e-05,0.021608692,0.083328635,0.8949898
data/ESC-50/audio_16k/5-157204-A-16.wav,wind,nature,5,val,0.051646225,0.002491694,0.9404487,0.005413413
data/ESC-50/audio_16k/5-157204-B-16.wav,wind,nature,5,val,0.0061084437,0.0016982276,0.9875529,0.004640467
data/ESC-50/audio_16k/5-160551-A-42.wav,siren,motor,5,val,0.000101098456,0.00079180824,0.99830586,0.0008012773
data/ESC-50/audio_16k/5-170338-A-41.wav,chainsaw,motor,5,val,0.00024520667,0.013129565,0.981247,0.0053782626
data/ESC-50/audio_16k/5-170338-B-41.wav,chainsaw,motor,5,val,0.00011574106,0.0063423915,0.98304397,0.010497906
data/ESC-50/audio_16k/5-171118-A-26.wav,laughing,human,5,val,0.0002613727,0.99544305,0.003541132,0.0007544222
data/ESC-50/audio_16k/5-171653-A-41.wav,chainsaw,motor,5,val,3.0256615e-05,0.054059636,0.94587535,3.4737794e-05
data/ESC-50/audio_16k/5-177957-A-40.wav,helicopter,motor,5,val,9.9671735e-05,0.0017483757,0.99029475,0.007857176
data/ESC-50/audio_16k/5-177957-B-40.wav,helicopter,motor,5,val,0.00018491535,0.008450505,0.9855161,0.0058484366
data/ESC-50/audio_16k/5-177957-C-40.wav,helicopter,motor,5,val,9.598153e-05,0.0006987489,0.9947487,0.0044565657
data/ESC-50/audio_16k/5-177957-D-40.wav,helicopter,motor,5,val,0.0005190587,0.0027300804,0.9924139,0.004336985
data/ESC-50/audio_16k/5-177957-E-40.wav,helicopter,motor,5,val,8.456562e-06,0.00062120403,0.99749374,0.0018765859
data/ESC-50/audio_16k/5-178997-A-24.wav,coughing,human,5,val,0.117713615,0.8313446,0.009301776,0.041639935
data/ESC-50/audio_16k/5-179496-A-16.wav,wind,nature,5,val,0.0021994612,0.008962301,0.9493706,0.039467607
data/ESC-50/audio_16k/5-179496-B-16.wav,wind,nature,5,val,0.0029969611,0.027774764,0.84200746,0.12722082
data/ESC-50/audio_16k/5-181766-A-10.wav,rain,nature,5,val,0.0051632063,0.010551206,0.2430518,0.7412338
data/ESC-50/audio_16k/5-184323-A-42.wav,siren,motor,5,val,0.00041964996,0.0012713132,0.998205,0.00010402979
data/ESC-50/audio_16k/5-184871-A-24.wav,coughing,human,5,val,0.0044222265,0.9954242,8.385749e-05,6.965066e-05
data/ESC-50/audio_16k/5-185579-A-41.wav,chainsaw,motor,5,val,6.442004e-06,0.02120006,0.9771338,0.0016595898
data/ESC-50/audio_16k/5-185579-B-41.wav,chainsaw,motor,5,val,8.21146e-06,0.0034400714,0.9921518,0.0043999613
data/ESC-50/audio_16k/5-187979-A-21.wav,sneezing,human,5,val,0.0009268959,0.9990333,2.5707663e-05,1.4149756e-05
data/ESC-50/audio_16k/5-188495-A-19.wav,thunderstorm,nature,5,val,0.024755897,0.014004791,0.051939584,0.9092997
data/ESC-50/audio_16k/5-188655-A-10.wav,rain,nature,5,val,0.0029017788,0.0019206079,0.0025755204,0.9926021
data/ESC-50/audio_16k/5-188796-A-45.wav,train,motor,5,val,8.26144e-05,0.007975551,0.9805324,0.011409425
data/ESC-50/audio_16k/5-188945-A-45.wav,train,motor,5,val,1.0555647e-05,0.00037831167,0.99433506,0.0052760947
data/ESC-50/audio_16k/5-191131-A-40.wav,helicopter,motor,5,val,0.00029907003,0.0023467862,0.97275466,0.024599433
data/ESC-50/audio_16k/5-192191-A-19.wav,thunderstorm,nature,5,val,8.821761e-05,0.0016873839,0.0013899808,0.9968344
data/ESC-50/audio_16k/5-193339-A-10.wav,rain,nature,5,val,0.00092358165,0.0022974326,0.0030497308,0.9937293
data/ESC-50/audio_16k/5-194533-A-21.wav,sneezing,human,5,val,0.0002164619,0.9995758,4.3547043e-06,0.00020346095
data/ESC-50/audio_16k/5-194892-A-10.wav,rain,nature,5,val,0.0067698355,0.00941836,0.31059372,0.67321813
data/ESC-50/audio_16k/5-194930-A-1.wav,rooster,bird,5,val,0.9927091,0.00700047,0.000287981,2.4662334e-06
data/ESC-50/audio_16k/5-194930-B-1.wav,rooster,bird,5,val,0.837679,0.08125604,0.08102315,4.179398e-05
data/ESC-50/audio_16k/5-194932-A-7.wav,insects,nature,5,val,0.0031541772,0.117425136,0.08862941,0.79079133
data/ESC-50/audio_16k/5-195517-A-7.wav,insects,nature,5,val,0.006856783,0.14066124,0.009301378,0.84318066
data/ESC-50/audio_16k/5-195518-A-7.wav,insects,nature,5,val,0.025970645,0.44756827,0.28298762,0.24347349
data/ESC-50/audio_16k/5-195557-A-19.wav,thunderstorm,nature,5,val,2.6409396e-05,0.0042137764,0.006965836,0.98879397
data/ESC-50/audio_16k/5-195710-A-10.wav,rain,nature,5,val,0.007227034,0.022086468,0.09643667,0.8742498
data/ESC-50/audio_16k/5-197118-A-45.wav,train,motor,5,val,0.0023911241,0.021831514,0.94293106,0.03284634
data/ESC-50/audio_16k/5-197121-A-45.wav,train,motor,5,val,0.0006796018,0.010636264,0.9723302,0.01635404
data/ESC-50/audio_16k/5-197121-B-45.wav,train,motor,5,val,0.00550141,0.015732603,0.95342433,0.02534161
data/ESC-50/audio_16k/5-197446-A-7.wav,insects,nature,5,val,0.0053194165,0.03075612,0.008708924,0.9552156
data/ESC-50/audio_16k/5-198278-A-7.wav,insects,nature,5,val,0.0014931269,0.05379999,0.2172835,0.72742337
data/ESC-50/audio_16k/5-198278-B-7.wav,insects,nature,5,val,0.0005583785,0.061888967,0.034803588,0.90274906
data/ESC-50/audio_16k/5-198278-C-7.wav,insects,nature,5,val,0.0014720736,0.24525991,0.05730517,0.69596285
data/ESC-50/audio_16k/5-198321-A-10.wav,rain,nature,5,val,0.0024525914,0.0047264243,0.014210341,0.97861063
data/ESC-50/audio_16k/5-198411-A-20.wav,crying_baby,human,5,val,0.0017264846,0.9926321,0.004623467,0.0010178828
data/ESC-50/audio_16k/5-198411-B-20.wav,crying_baby,human,5,val,0.0003864942,0.9989336,2.290701e-05,0.0006570469
data/ESC-50/audio_16k/5-198411-C-20.wav,crying_baby,human,5,val,0.012497585,0.8443228,0.13555177,0.0076278085
data/ESC-50/audio_16k/5-198411-D-20.wav,crying_baby,human,5,val,0.23592713,0.7511178,0.011584127,0.0013709255
data/ESC-50/audio_16k/5-198411-E-20.wav,crying_baby,human,5,val,2.8067994e-05,0.9998549,1.0159846e-05,0.000106909196
data/ESC-50/audio_16k/5-198411-F-20.wav,crying_baby,human,5,val,0.049777128,0.91919035,0.029961195,0.0010712943
data/ESC-50/audio_16k/5-198411-G-20.wav,crying_baby,human,5,val,0.014150474,0.9830579,0.001261089,0.0015305413
data/ESC-50/audio_16k/5-198600-A-45.wav,train,motor,5,val,2.829146e-05,0.00044231614,0.9973716,0.002157752
data/ESC-50/audio_16k/5-199284-A-45.wav,train,motor,5,val,1.056922e-05,0.0007778972,0.9970119,0.00219958
data/ESC-50/audio_16k/5-199284-B-45.wav,train,motor,5,val,7.267392e-06,0.0010036919,0.9970573,0.0019317871
data/ESC-50/audio_16k/5-200334-A-1.wav,rooster,bird,5,val,0.9950473,0.0029686221,0.0008687484,0.0011153994
data/ESC-50/audio_16k/5-200334-B-1.wav,rooster,bird,5,val,0.9799639,0.016196953,0.00073461246,0.003104518
data/ESC-50/audio_16k/5-200339-A-1.wav,rooster,bird,5,val,0.9330241,0.05611202,0.0070901047,0.003773747
data/ESC-50/audio_16k/5-200461-A-11.wav,sea_waves,nature,5,val,0.00040333503,0.0096402345,0.41404426,0.5759122
data/ESC-50/audio_16k/5-200461-B-11.wav,sea_waves,nature,5,val,0.0012535383,0.0058956514,0.15349099,0.8393598
data/ESC-50/audio_16k/5-201274-A-21.wav,sneezing,human,5,val,0.008735391,0.98584104,0.002433226,0.0029903501
data/ESC-50/audio_16k/5-202220-A-21.wav,sneezing,human,5,val,0.027638512,0.97194797,0.00023819388,0.00017534921
data/ESC-50/audio_16k/5-202898-A-10.wav,rain,nature,5,val,0.0019397974,0.004597062,0.013997398,0.9794658
data/ESC-50/audio_16k/5-203739-A-10.wav,rain,nature,5,val,0.004839923,0.022710279,0.03251469,0.9399351
data/ESC-50/audio_16k/5-204352-A-13.wav,crickets,nature,5,val,0.0699205,0.0120163215,0.15156865,0.7664945
data/ESC-50/audio_16k/5-204352-B-13.wav,crickets,nature,5,val,0.09140876,0.014010812,0.09133106,0.80324936
data/ESC-50/audio_16k/5-204604-A-24.wav,coughing,human,5,val,0.0006758891,0.9915724,0.0050221863,0.0027295637
data/ESC-50/audio_16k/5-205898-A-40.wav,helicopter,motor,5,val,0.00011531608,0.0019657314,0.9892022,0.008716704
data/ESC-50/audio_16k/5-207681-A-24.wav,coughing,human,5,val,2.5093539e-05,0.9997087,6.750608e-05,0.00019872483
data/ESC-50/audio_16k/5-208761-A-24.wav,coughing,human,5,val,0.00044871814,0.9994875,2.674912e-05,3.699588e-05
data/ESC-50/audio_16k/5-208810-A-11.wav,sea_waves,nature,5,val,1.748587e-05,0.0036542632,0.057234995,0.93909323
data/ESC-50/audio_16k/5-208810-B-11.wav,sea_waves,nature,5,val,0.00014115906,0.0026447172,0.066296406,0.93091774
data/ESC-50/audio_16k/5-209719-A-24.wav,coughing,human,5,val,0.00038954974,0.99959314,1.3735313e-05,3.5751941e-06
data/ESC-50/audio_16k/5-209989-A-22.wav,clapping,human,5,val,0.100004576,0.71904624,0.06487138,0.11607789
data/ESC-50/audio_16k/5-209992-A-44.wav,engine,motor,5,val,0.00023315584,0.0011333498,0.9981292,0.0005042883
data/ESC-50/audio_16k/5-209992-B-44.wav,engine,motor,5,val,9.416041e-06,0.0002748435,0.9995504,0.00016535139
data/ESC-50/audio_16k/5-210540-A-13.wav,crickets,nature,5,val,0.14382651,0.05538302,0.08106817,0.7197223
data/ESC-50/audio_16k/5-211197-A-24.wav,coughing,human,5,val,0.0001081016,0.99984854,5.8480077e-06,3.7471502e-05
data/ESC-50/audio_16k/5-213077-A-11.wav,sea_waves,nature,5,val,0.00016379717,0.002738296,0.065885484,0.9312124
data/ESC-50/audio_16k/5-213293-A-23.wav,breathing,human,5,val,0.02955249,0.9691367,0.00074783637,0.00056295237
data/ESC-50/audio_16k/5-213836-A-9.wav,crow,bird,5,val,0.94038236,0.008390783,0.035217497,0.016009346
data/ESC-50/audio_16k/5-213836-B-9.wav,crow,bird,5,val,0.98309284,0.007813371,0.008238228,0.00085561164
data/ESC-50/audio_16k/5-213836-C-9.wav,crow,bird,5,val,0.9603634,0.012468286,0.021372752,0.005795542
data/ESC-50/audio_16k/5-213836-D-9.wav,crow,bird,5,val,0.9416139,0.017486146,0.02906969,0.011830296
data/ESC-50/audio_16k/5-214869-A-9.wav,crow,bird,5,val,0.99959683,0.000396283,6.760408e-06,1.3195123e-07
data/ESC-50/audio_16k/5-215172-A-13.wav,crickets,nature,5,val,0.09628696,0.0021192173,0.0047671655,0.8968267
data/ESC-50/audio_16k/5-215179-A-13.wav,crickets,nature,5,val,0.05487636,0.02046039,0.15583791,0.7688253
data/ESC-50/audio_16k/5-216213-A-13.wav,crickets,nature,5,val,0.5228351,0.002836699,0.00073855807,0.4735897
data/ESC-50/audio_16k/5-216214-A-13.wav,crickets,nature,5,val,0.5097633,0.0022070655,0.0027737424,0.4852559
data/ESC-50/audio_16k/5-216216-A-13.wav,crickets,nature,5,val,0.06848246,0.0013315473,0.015961953,0.914224
data/ESC-50/audio_16k/5-216370-A-41.wav,chainsaw,motor,5,val,9.494469e-06,0.0035748854,0.9947576,0.001657955
data/ESC-50/audio_16k/5-216370-B-41.wav,chainsaw,motor,5,val,4.9747574e-05,0.0073354975,0.99132216,0.0012925671
data/ESC-50/audio_16k/5-217186-A-16.wav,wind,nature,5,val,0.0056424057,0.0073291687,0.84364337,0.14338498
data/ESC-50/audio_16k/5-217186-B-16.wav,wind,nature,5,val,0.0058216006,0.0067693344,0.9083751,0.07903397
data/ESC-50/audio_16k/5-217186-C-16.wav,wind,nature,5,val,0.008148579,0.0058406414,0.88366723,0.102343485
data/ESC-50/audio_16k/5-218494-A-22.wav,clapping,human,5,val,0.03814877,0.29426587,0.38200235,0.28558302
data/ESC-50/audio_16k/5-219379-A-11.wav,sea_waves,nature,5,val,0.00023167228,0.0041306773,0.04978383,0.9458538
data/ESC-50/audio_16k/5-219379-B-11.wav,sea_waves,nature,5,val,0.00018774222,0.0034718509,0.074794896,0.92154557
data/ESC-50/audio_16k/5-219379-C-11.wav,sea_waves,nature,5,val,0.0005628139,0.009256247,0.093683824,0.89649713
data/ESC-50/audio_16k/5-220026-A-21.wav,sneezing,human,5,val,0.00054635986,0.9993892,2.3193095e-05,4.1258954e-05
data/ESC-50/audio_16k/5-220027-A-21.wav,sneezing,human,5,val,0.0004703807,0.99945575,1.3605466e-05,6.02265e-05
data/ESC-50/audio_16k/5-220955-A-40.wav,helicopter,motor,5,val,0.0030281746,0.18653174,0.7970353,0.013404832
data/ESC-50/audio_16k/5-221518-A-21.wav,sneezing,human,5,val,0.00042154922,0.9990205,3.1987092e-05,0.00052591186
data/ESC-50/audio_16k/5-221567-A-22.wav,clapping,human,5,val,0.0017166098,0.888617,0.019987324,0.089679115
data/ESC-50/audio_16k/5-221568-A-22.wav,clapping,human,5,val,0.0085410215,0.97747636,0.0043732054,0.009609413
data/ESC-50/audio_16k/5-221593-A-21.wav,sneezing,human,5,val,0.0022438169,0.9975206,0.00017309391,6.25215e-05
data/ESC-50/audio_16k/5-221950-A-22.wav,clapping,human,5,val,0.019332113,0.96391594,0.003920432,0.012831495
data/ESC-50/audio_16k/5-222041-A-9.wav,crow,bird,5,val,0.93651813,0.012758962,0.04604348,0.0046793483
data/ESC-50/audio_16k/5-222524-A-41.wav,chainsaw,motor,5,val,0.0002616115,0.008158253,0.9896552,0.0019249432
data/ESC-50/audio_16k/5-232272-A-44.wav,engine,motor,5,val,0.0004857014,0.004248158,0.9903421,0.0049241125
data/ESC-50/audio_16k/5-232816-A-23.wav,breathing,human,5,val,0.0012436773,0.08440988,0.8767652,0.037581295
data/ESC-50/audio_16k/5-233160-A-1.wav,rooster,bird,5,val,0.8710735,0.12087225,0.006230331,0.001823933
data/ESC-50/audio_16k/5-233260-A-23.wav,breathing,human,5,val,0.042834446,0.9043383,0.027413726,0.025413526
data/ESC-50/audio_16k/5-233787-A-7.wav,insects,nature,5,val,0.009904189,0.74053895,0.20890918,0.04064766
data/ESC-50/audio_16k/5-234335-A-23.wav,breathing,human,5,val,0.0006489115,0.9993188,1.6646338e-05,1.5724318e-05
data/ESC-50/audio_16k/5-234879-A-1.wav,rooster,bird,5,val,0.9612642,0.038648173,3.152348e-05,5.61661e-05
data/ESC-50/audio_16k/5-234879-B-1.wav,rooster,bird,5,val,0.98304117,0.015904384,0.0005224794,0.00053196074
data/ESC-50/audio_16k/5-235507-A-44.wav,engine,motor,5,val,0.00062924845,0.001931463,0.9944704,0.002968935
data/ESC-50/audio_16k/5-235593-A-23.wav,breathing,human,5,val,0.0030406322,0.9965343,0.000173257,0.0002517911
data/ESC-50/audio_16k/5-238492-A-23.wav,breathing,human,5,val,0.013399692,0.84758914,0.12102284,0.01798823
data/ESC-50/audio_16k/5-240671-A-44.wav,engine,motor,5,val,1.7657628e-06,0.00052388624,0.9989622,0.0005121291
data/ESC-50/audio_16k/5-242490-A-14.wav,chirping_birds,bird,5,val,0.9446364,0.0072804126,0.023372216,0.024710957
data/ESC-50/audio_16k/5-242491-A-14.wav,chirping_birds,bird,5,val,0.95984477,0.013658948,0.014823024,0.011673277
data/ESC-50/audio_16k/5-242711-A-9.wav,crow,bird,5,val,0.98929954,0.008837396,0.0017364994,0.00012653979
data/ESC-50/audio_16k/5-242932-A-26.wav,laughing,human,5,val,0.08744488,0.9116691,0.000288382,0.00059765775
data/ESC-50/audio_16k/5-242932-B-26.wav,laughing,human,5,val,0.000583033,0.9986137,8.392285e-05,0.0007193838
data/ESC-50/audio_16k/5-243448-A-14.wav,chirping_birds,bird,5,val,0.9104756,0.01363746,0.008637442,0.067249544
data/ESC-50/audio_16k/5-243449-A-14.wav,chirping_birds,bird,5,val,0.546299,0.0016803235,0.0020248906,0.44999588
data/ESC-50/audio_16k/5-243450-A-14.wav,chirping_birds,bird,5,val,0.9269972,0.0015204742,0.0001965507,0.07128588
data/ESC-50/audio_16k/5-243459-A-14.wav,chirping_birds,bird,5,val,0.9883041,0.011045411,6.9525726e-05,0.00058099075
data/ESC-50/audio_16k/5-243459-B-14.wav,chirping_birds,bird,5,val,0.98762125,0.0035941273,0.00055779103,0.008226764
data/ESC-50/audio_16k/5-243773-A-44.wav,engine,motor,5,val,0.00039666,0.0025991614,0.99526554,0.001738555
data/ESC-50/audio_16k/5-243773-B-44.wav,engine,motor,5,val,0.00033651688,0.006686097,0.9895442,0.0034331665
data/ESC-50/audio_16k/5-243783-A-44.wav,engine,motor,5,val,0.00022549398,0.0026356662,0.99593586,0.0012029065
data/ESC-50/audio_16k/5-244315-A-6.wav,hen,bird,5,val,0.9795999,0.01997704,0.00014912634,0.00027400232
data/ESC-50/audio_16k/5-244315-B-6.wav,hen,bird,5,val,0.9938558,0.005300595,0.0007117886,0.00013177822
data/ESC-50/audio_16k/5-244315-C-6.wav,hen,bird,5,val,0.9045336,0.083067216,0.004815666,0.0075835227
data/ESC-50/audio_16k/5-244526-A-26.wav,laughing,human,5,val,0.11270114,0.88349366,0.0027638816,0.0010413437
data/ESC-50/audio_16k/5-248341-A-6.wav,hen,bird,5,val,0.9539235,0.029547129,0.015859893,0.0006694685
data/ESC-50/audio_16k/5-248341-B-6.wav,hen,bird,5,val,0.8485707,0.14140882,0.007812227,0.0022082457
data/ESC-50/audio_16k/5-248341-C-6.wav,hen,bird,5,val,0.9859534,0.010656565,0.0011741224,0.0022159002
data/ESC-50/audio_16k/5-249937-A-22.wav,clapping,human,5,val,0.0008305105,0.9708312,0.0035733555,0.024764977
data/ESC-50/audio_16k/5-251489-A-24.wav,coughing,human,5,val,0.003567585,0.9963544,4.991745e-06,7.307744e-05
data/ESC-50/audio_16k/5-253534-A-26.wav,laughing,human,5,val,0.041437823,0.95601773,0.0025116252,3.2840224e-05
data/ESC-50/audio_16k/5-254160-A-22.wav,clapping,human,5,val,0.009820014,0.66799283,0.1688516,0.15333556
data/ESC-50/audio_16k/5-257839-A-14.wav,chirping_birds,bird,5,val,0.9979124,5.5447512e-05,9.550241e-05,0.0019366012
data/ESC-50/audio_16k/5-259514-A-26.wav,laughing,human,5,val,0.33135375,0.65616584,0.011208053,0.0012723356
data/ESC-50/audio_16k/5-260164-A-23.wav,breathing,human,5,val,0.0018853205,0.47882468,0.5013688,0.017921234
data/ESC-50/audio_16k/5-261325-A-9.wav,crow,bird,5,val,0.99578726,0.0036718317,0.00045223112,8.873842e-05
data/ESC-50/audio_16k/5-261464-A-23.wav,breathing,human,5,val,0.007861538,0.3890956,0.52739584,0.075647004
data/ESC-50/audio_16k/5-262957-A-22.wav,clapping,human,5,val,0.0043005426,0.03685707,0.22825074,0.7305916
data/ESC-50/audio_16k/5-263775-A-26.wav,laughing,human,5,val,0.0015916551,0.9983909,9.860003e-06,7.64777e-06
data/ESC-50/audio_16k/5-263775-B-26.wav,laughing,human,5,val,0.0037745892,0.9935258,0.0018954943,0.00080418016
data/ESC-50/audio_16k/5-263831-A-6.wav,hen,bird,5,val,0.811789,0.028399725,0.15149207,0.00831922
data/ESC-50/audio_16k/5-263831-B-6.wav,hen,bird,5,val,0.96260303,0.033206064,0.003739582,0.00045132494
